mode: atomic
llmesh/client/cmd/client/main.go:30.13,33.22 3 0
llmesh/client/cmd/client/main.go:33.22,52.3 3 0
llmesh/client/cmd/client/main.go:53.2,55.18 2 0
llmesh/client/cmd/client/main.go:55.18,58.3 2 0
llmesh/client/cmd/client/main.go:60.2,61.16 2 0
llmesh/client/cmd/client/main.go:61.16,64.3 2 0
llmesh/client/cmd/client/main.go:65.2,65.25 1 0
llmesh/client/cmd/client/main.go:65.25,68.3 2 0
llmesh/client/cmd/client/main.go:69.2,69.27 1 0
llmesh/client/cmd/client/main.go:69.27,72.3 2 0
llmesh/client/cmd/client/main.go:74.2,79.27 4 0
llmesh/client/cmd/client/main.go:79.27,83.13 4 0
llmesh/client/cmd/client/main.go:83.13,85.78 2 0
llmesh/client/cmd/client/main.go:85.78,87.5 1 0
llmesh/client/cmd/client/main.go:91.2,94.27 3 0
llmesh/client/cmd/client/main.go:94.27,96.3 1 0
llmesh/client/cmd/client/main.go:98.2,100.28 2 0
llmesh/client/cmd/client/main.go:100.28,101.67 1 0
llmesh/client/cmd/client/main.go:101.67,105.4 1 0
llmesh/client/cmd/client/main.go:109.3,110.22 2 0
llmesh/client/cmd/client/main.go:110.22,112.4 1 0
llmesh/client/cmd/client/main.go:113.3,116.13 3 0
llmesh/client/cmd/client/main.go:116.13,117.62 1 0
llmesh/client/cmd/client/main.go:117.62,119.5 1 0
llmesh/client/cmd/client/main.go:123.2,123.72 1 0
llmesh/client/cmd/client/main.go:123.72,125.73 2 0
llmesh/client/cmd/client/main.go:125.73,127.4 1 0
llmesh/client/cmd/client/main.go:128.3,128.32 1 0
llmesh/client/cmd/client/main.go:128.32,129.28 1 0
llmesh/client/cmd/client/main.go:129.28,130.12 1 0
llmesh/client/cmd/client/main.go:131.34,131.34 0 0
llmesh/client/cmd/client/main.go:132.13,132.13 0 0
llmesh/client/cmd/client/main.go:135.9,137.4 1 0
llmesh/client/cmd/client/main.go:140.2,141.38 2 0
llmesh/client/cmd/client/main.go:147.39,149.16 2 0
llmesh/client/cmd/client/main.go:149.16,151.3 1 0
llmesh/client/cmd/client/main.go:152.2,152.53 1 0
llmesh/client/cmd/client/main.go:152.53,154.3 1 0
llmesh/client/cmd/client/main.go:155.2,155.25 1 0
llmesh/client/cmd/client/main.go:155.25,157.3 1 0
llmesh/client/cmd/client/main.go:158.2,159.37 2 0
llmesh/client/cmd/client/main.go:163.34,165.16 2 0
llmesh/client/cmd/client/main.go:165.16,167.3 1 0
llmesh/client/cmd/client/main.go:168.2,168.41 1 0
llmesh/client/cmd/client/main.go:172.77,175.6 3 0
llmesh/client/cmd/client/main.go:175.6,176.10 1 0
llmesh/client/cmd/client/main.go:177.19,178.56 1 0
llmesh/client/cmd/client/main.go:179.21,181.10 2 0
llmesh/client/cmd/client/main.go:186.60,188.20 2 0
llmesh/client/cmd/client/main.go:188.20,190.3 1 0
llmesh/client/cmd/client/main.go:191.2,198.3 1 0
llmesh/client/cmd/client/main.go:208.43,210.9 2 0
llmesh/client/cmd/client/main.go:211.23,212.46 1 0
llmesh/client/cmd/client/main.go:213.21,214.46 1 0
llmesh/client/cmd/client/main.go:215.24,216.44 1 0
llmesh/client/cmd/client/main.go:217.10,218.47 1 0
llmesh/client/cmd/client/main.go:224.49,226.9 2 0
llmesh/client/cmd/client/main.go:227.46,228.66 1 0
llmesh/client/cmd/client/main.go:229.45,230.64 1 0
llmesh/client/cmd/client/main.go:231.10,232.12 1 0
llmesh/client/cmd/client/main.go:234.2,234.47 1 0
llmesh/client/cmd/client/main.go:234.47,236.3 1 0
llmesh/client/cmd/client/main.go:237.2,237.100 1 0
llmesh/client/internal/localapi/server.go:41.83,43.2 1 0
llmesh/client/internal/localapi/server.go:46.62,56.12 5 0
llmesh/client/internal/localapi/server.go:56.12,61.3 4 0
llmesh/client/internal/localapi/server.go:63.2,64.76 2 0
llmesh/client/internal/localapi/server.go:64.76,66.3 1 0
llmesh/client/internal/localapi/server.go:67.2,67.12 1 0
llmesh/client/internal/localapi/server.go:70.80,71.22 1 0
llmesh/client/internal/localapi/server.go:71.22,76.3 4 0
llmesh/client/internal/localapi/server.go:80.2,82.16 3 0
llmesh/client/internal/localapi/server.go:82.16,84.27 2 0
llmesh/client/internal/localapi/server.go:84.27,89.4 4 0
llmesh/client/internal/localapi/server.go:90.3,91.9 2 0
llmesh/client/internal/localapi/server.go:94.2,97.56 2 0
llmesh/client/internal/localapi/server.go:97.56,100.3 2 0
llmesh/client/internal/localapi/server.go:102.2,103.20 2 0
llmesh/client/internal/localapi/server.go:103.20,108.3 4 0
llmesh/client/internal/localapi/server.go:110.2,111.16 2 0
llmesh/client/internal/localapi/server.go:111.16,114.3 2 0
llmesh/client/internal/localapi/server.go:116.2,116.39 1 0
llmesh/client/internal/localapi/server.go:116.39,118.3 1 0
llmesh/client/internal/localapi/server.go:119.2,120.15 2 0
llmesh/client/internal/localapi/server.go:120.15,124.3 3 0
llmesh/client/internal/localapi/server.go:128.2,131.37 2 0
llmesh/client/internal/localapi/server.go:131.37,140.38 9 0
llmesh/client/internal/localapi/server.go:140.38,141.26 1 0
llmesh/client/internal/localapi/server.go:141.26,143.6 1 0
llmesh/client/internal/localapi/server.go:146.73,147.32 1 0
llmesh/client/internal/localapi/server.go:147.32,149.5 1 0
llmesh/client/internal/localapi/server.go:150.4,153.70 4 0
llmesh/client/internal/localapi/server.go:157.2,157.23 1 0
llmesh/client/internal/localapi/server.go:164.51,166.16 2 0
llmesh/client/internal/localapi/server.go:166.16,168.3 1 0
llmesh/client/internal/localapi/server.go:169.2,171.56 3 0
llmesh/client/internal/localapi/server.go:171.56,173.3 1 0
llmesh/client/internal/localapi/server.go:174.2,174.79 1 0
llmesh/client/internal/localapi/server.go:177.71,178.22 1 0
llmesh/client/internal/localapi/server.go:178.22,183.3 4 0
llmesh/client/internal/localapi/server.go:185.2,197.29 5 0
llmesh/client/internal/localapi/server.go:197.29,203.3 1 0
llmesh/client/internal/localapi/server.go:205.2,206.68 2 0
llmesh/client/internal/stats/stats.go:22.19,24.2 1 0
llmesh/client/internal/stats/stats.go:27.25,28.65 1 0
llmesh/client/internal/stats/stats.go:28.65,28.95 1 0
llmesh/client/internal/stats/stats.go:29.2,29.63 1 0
llmesh/client/internal/stats/stats.go:29.63,29.92 1 0
llmesh/client/internal/stats/stats.go:30.2,30.65 1 0
llmesh/client/internal/stats/stats.go:30.65,30.96 1 0
llmesh/client/internal/stats/stats.go:31.2,31.66 1 0
llmesh/client/internal/stats/stats.go:31.66,31.97 1 0
llmesh/client/internal/stats/stats.go:32.2,32.64 1 0
llmesh/client/internal/stats/stats.go:32.64,32.94 1 0
llmesh/client/internal/stats/stats.go:33.2,33.63 1 0
llmesh/client/internal/stats/stats.go:33.63,33.92 1 0
llmesh/client/internal/stats/stats.go:34.2,34.68 1 0
llmesh/client/internal/stats/stats.go:34.68,34.119 1 0
llmesh/client/internal/stats/stats.go:37.38,37.67 1 0
llmesh/client/internal/stats/stats.go:38.38,38.62 1 0
llmesh/client/internal/stats/stats.go:41.34,41.57 1 0
llmesh/client/internal/stats/stats.go:42.34,42.57 1 0
llmesh/client/internal/stats/stats.go:43.34,43.58 1 0
llmesh/client/internal/stats/stats.go:44.34,44.56 1 0
llmesh/client/internal/stats/stats.go:45.34,45.58 1 0
llmesh/client/internal/ws/conn.go:29.72,34.2 4 0
llmesh/client/internal/ws/conn.go:37.41,39.2 1 0
llmesh/client/internal/ws/conn.go:43.39,45.2 1 0
llmesh/client/internal/ws/conn.go:49.46,49.71 1 0
llmesh/client/internal/ws/conn.go:56.84,59.33 3 0
llmesh/client/internal/ws/conn.go:59.33,65.17 3 0
llmesh/client/internal/ws/conn.go:65.17,67.18 2 0
llmesh/client/internal/ws/conn.go:67.18,69.13 2 0
llmesh/client/internal/ws/conn.go:71.4,72.83 2 0
llmesh/client/internal/ws/conn.go:75.3,83.21 4 0
llmesh/client/internal/ws/conn.go:83.21,87.4 1 0
llmesh/client/internal/ws/conn.go:88.3,88.31 1 0
llmesh/client/internal/ws/conn.go:88.31,90.4 1 0
llmesh/client/internal/ws/conn.go:91.3,91.33 1 0
llmesh/client/internal/ws/conn.go:93.2,93.27 1 0
llmesh/client/internal/ws/conn.go:103.75,103.90 1 0
llmesh/client/internal/ws/conn.go:105.107,107.2 1 0
llmesh/client/config.go:47.70,48.28 1 4
llmesh/client/config.go:48.28,50.3 1 2
llmesh/client/config.go:51.2,52.35 2 2
llmesh/client/config.go:52.35,53.45 1 3
llmesh/client/config.go:53.45,55.4 1 2
llmesh/client/config.go:57.2,57.12 1 2
llmesh/client/config.go:65.51,66.43 1 5
llmesh/client/config.go:66.43,68.3 1 2
llmesh/client/config.go:69.2,70.20 2 3
llmesh/client/config.go:70.20,72.3 1 3
llmesh/client/config.go:73.2,73.30 1 3
llmesh/client/config.go:73.30,75.3 1 2
llmesh/client/config.go:76.2,76.10 1 3
llmesh/client/config.go:114.47,116.16 2 4
llmesh/client/config.go:116.16,118.3 1 0
llmesh/client/config.go:119.2,120.51 2 4
llmesh/client/config.go:120.51,122.3 1 0
llmesh/client/config.go:123.2,123.39 1 4
llmesh/client/config.go:123.39,125.3 1 0
llmesh/client/config.go:126.2,126.18 1 4
llmesh/client/config.go:130.35,131.23 1 13
llmesh/client/config.go:131.23,133.3 1 1
llmesh/client/config.go:134.2,135.104 2 12
llmesh/client/config.go:135.104,137.3 1 1
llmesh/client/config.go:138.2,138.25 1 11
llmesh/client/config.go:138.25,140.3 1 1
llmesh/client/config.go:141.2,141.25 1 10
llmesh/client/config.go:141.25,143.3 1 1
llmesh/client/config.go:144.2,144.29 1 9
llmesh/client/config.go:144.29,146.42 1 9
llmesh/client/config.go:146.42,148.4 1 1
llmesh/client/config.go:149.3,150.66 2 8
llmesh/client/config.go:150.66,152.4 1 1
llmesh/client/config.go:153.3,153.31 1 7
llmesh/client/config.go:153.31,154.37 1 1
llmesh/client/config.go:154.37,156.5 1 1
llmesh/client/config.go:159.2,159.12 1 6
llmesh/client/config.go:164.54,165.18 1 10
llmesh/client/config.go:165.18,167.3 1 8
llmesh/client/config.go:168.2,168.51 1 2
llmesh/client/config.go:168.51,170.3 1 1
llmesh/client/config.go:171.2,171.11 1 1
llmesh/client/config.go:175.57,176.16 1 1
llmesh/client/config.go:176.16,178.3 1 1
llmesh/client/config.go:183.62,184.20 1 0
llmesh/client/config.go:184.20,186.3 1 0
llmesh/client/config.go:191.51,192.29 1 3
llmesh/client/config.go:192.29,193.56 1 5
llmesh/client/config.go:193.56,195.4 1 2
llmesh/client/config.go:197.2,197.11 1 1
llmesh/client/config.go:203.55,204.29 1 3
llmesh/client/config.go:204.29,205.56 1 5
llmesh/client/config.go:205.56,207.4 1 2
llmesh/client/config.go:209.2,209.12 1 1
llmesh/client/config.go:214.45,216.29 2 0
llmesh/client/config.go:216.29,217.41 1 0
llmesh/client/config.go:217.41,219.4 1 0
llmesh/client/config.go:221.2,221.14 1 0
llmesh/client/config.go:227.45,229.2 1 5
llmesh/client/config.go:236.52,237.34 1 0
llmesh/client/config.go:237.34,239.3 1 0
llmesh/client/config.go:240.2,241.27 2 0
llmesh/client/config.go:241.27,243.3 1 0
llmesh/client/config.go:244.2,244.13 1 0
llmesh/client/config.go:250.55,251.29 1 0
llmesh/client/config.go:251.29,252.80 1 0
llmesh/client/config.go:252.80,254.4 1 0
llmesh/client/config.go:256.2,256.50 1 0
llmesh/client/config.go:256.50,258.3 1 0
llmesh/client/config.go:259.2,259.11 1 0
llmesh/router/config.go:49.46,58.40 2 0
llmesh/router/config.go:58.40,60.3 1 0
llmesh/router/config.go:61.2,61.44 1 0
llmesh/router/config.go:61.44,63.3 1 0
llmesh/router/config.go:64.2,64.41 1 0
llmesh/router/config.go:64.41,66.3 1 0
llmesh/router/config.go:67.2,67.45 1 0
llmesh/router/config.go:67.45,69.3 1 0
llmesh/router/config.go:70.2,70.41 1 0
llmesh/router/config.go:70.41,72.3 1 0
llmesh/router/config.go:73.2,73.42 1 0
llmesh/router/config.go:73.42,75.3 1 0
llmesh/router/config.go:76.2,76.10 1 0
llmesh/router/config.go:92.40,93.32 1 0
llmesh/router/config.go:93.32,95.3 1 0
llmesh/router/config.go:96.2,96.36 1 0
llmesh/router/config.go:100.47,102.16 2 0
llmesh/router/config.go:102.16,104.3 1 0
llmesh/router/config.go:105.2,106.51 2 0
llmesh/router/config.go:106.51,108.3 1 0
llmesh/router/config.go:109.2,109.26 1 0
llmesh/router/config.go:109.26,111.3 1 0
llmesh/router/config.go:112.2,112.20 1 0
llmesh/router/config.go:112.20,114.3 1 0
llmesh/router/config.go:115.2,115.20 1 0
llmesh/router/config.go:115.20,117.3 1 0
llmesh/router/config.go:118.2,118.18 1 0
llmesh/client/internal/llamacpp/client.go:46.55,52.2 1 11
llmesh/client/internal/llamacpp/client.go:55.50,56.30 1 11
llmesh/client/internal/llamacpp/client.go:56.30,57.24 1 2
llmesh/client/internal/llamacpp/client.go:57.24,59.4 1 2
llmesh/client/internal/llamacpp/client.go:111.51,112.14 1 8
llmesh/client/internal/llamacpp/client.go:112.14,114.3 1 3
llmesh/client/internal/llamacpp/client.go:115.2,121.19 2 5
llmesh/client/internal/llamacpp/client.go:121.19,123.3 1 1
llmesh/client/internal/llamacpp/client.go:124.2,124.12 1 4
llmesh/client/internal/llamacpp/client.go:130.53,131.14 1 8
llmesh/client/internal/llamacpp/client.go:131.14,133.3 1 2
llmesh/client/internal/llamacpp/client.go:134.2,139.3 1 6
llmesh/client/internal/llamacpp/client.go:152.79,153.30 1 5
llmesh/client/internal/llamacpp/client.go:153.30,155.3 1 3
llmesh/client/internal/llamacpp/client.go:156.2,157.14 2 2
llmesh/client/internal/llamacpp/client.go:190.59,192.16 2 6
llmesh/client/internal/llamacpp/client.go:192.16,194.3 1 0
llmesh/client/internal/llamacpp/client.go:195.2,197.16 3 6
llmesh/client/internal/llamacpp/client.go:197.16,199.3 1 0
llmesh/client/internal/llamacpp/client.go:200.2,201.38 2 6
llmesh/client/internal/llamacpp/client.go:201.38,203.3 1 1
llmesh/client/internal/llamacpp/client.go:204.2,209.64 2 5
llmesh/client/internal/llamacpp/client.go:209.64,211.3 1 1
llmesh/client/internal/llamacpp/client.go:212.2,212.24 1 4
llmesh/client/internal/llamacpp/client.go:212.24,214.3 1 1
llmesh/client/internal/llamacpp/client.go:215.2,215.23 1 3
llmesh/client/internal/llamacpp/client.go:220.56,222.16 2 0
llmesh/client/internal/llamacpp/client.go:222.16,224.3 1 0
llmesh/client/internal/llamacpp/client.go:225.2,227.16 3 0
llmesh/client/internal/llamacpp/client.go:227.16,229.3 1 0
llmesh/client/internal/llamacpp/client.go:230.2,238.62 3 0
llmesh/client/internal/llamacpp/client.go:238.62,240.3 1 0
llmesh/client/internal/llamacpp/client.go:245.2,246.61 2 0
llmesh/client/internal/llamacpp/client.go:246.61,252.47 3 0
llmesh/client/internal/llamacpp/client.go:252.47,253.17 1 0
llmesh/client/internal/llamacpp/client.go:253.17,255.5 1 0
llmesh/client/internal/llamacpp/client.go:256.4,256.16 1 0
llmesh/client/internal/llamacpp/client.go:256.16,258.5 1 0
llmesh/client/internal/llamacpp/client.go:261.2,267.3 1 0
llmesh/client/internal/llamacpp/client.go:273.118,288.16 2 5
llmesh/client/internal/llamacpp/client.go:288.16,290.3 1 1
llmesh/client/internal/llamacpp/client.go:291.2,292.16 2 5
llmesh/client/internal/llamacpp/client.go:292.16,294.3 1 0
llmesh/client/internal/llamacpp/client.go:298.2,302.16 4 5
llmesh/client/internal/llamacpp/client.go:302.16,304.3 1 0
llmesh/client/internal/llamacpp/client.go:305.2,309.16 4 5
llmesh/client/internal/llamacpp/client.go:309.16,311.3 1 0
llmesh/client/internal/llamacpp/client.go:312.2,314.38 2 5
llmesh/client/internal/llamacpp/client.go:314.38,316.3 1 0
llmesh/client/internal/llamacpp/client.go:318.2,318.16 1 5
llmesh/client/internal/llamacpp/client.go:318.16,325.3 3 1
llmesh/client/internal/llamacpp/client.go:326.2,326.30 1 4
llmesh/client/internal/llamacpp/client.go:332.106,335.6 3 1
llmesh/client/internal/llamacpp/client.go:335.6,336.10 1 1
llmesh/client/internal/llamacpp/client.go:337.19,339.24 1 0
llmesh/client/internal/llamacpp/client.go:339.24,341.5 1 0
llmesh/client/internal/llamacpp/client.go:342.4,342.45 1 0
llmesh/client/internal/llamacpp/client.go:342.45,345.5 2 0
llmesh/client/internal/llamacpp/client.go:346.21,347.10 1 1
llmesh/client/internal/llamacpp/client.go:348.21,349.10 1 0
llmesh/client/internal/llamacpp/client.go:357.57,361.16 4 0
llmesh/client/internal/llamacpp/client.go:361.16,363.3 1 0
llmesh/client/internal/llamacpp/client.go:364.2,366.16 3 0
llmesh/client/internal/llamacpp/client.go:366.16,368.3 1 0
llmesh/client/internal/llamacpp/client.go:369.2,370.12 2 0
llmesh/client/internal/llamacpp/client.go:378.150,380.12 2 1
llmesh/client/internal/llamacpp/client.go:380.12,384.22 4 1
llmesh/client/internal/llamacpp/client.go:384.22,385.11 1 10
llmesh/client/internal/llamacpp/client.go:386.49,386.49 0 10
llmesh/client/internal/llamacpp/client.go:387.22,388.11 1 0
llmesh/client/internal/llamacpp/client.go:391.3,391.59 1 1
llmesh/client/internal/llamacpp/client.go:391.59,392.11 1 0
llmesh/client/internal/llamacpp/client.go:393.37,393.37 0 0
llmesh/client/internal/llamacpp/client.go:394.22,394.22 0 0
llmesh/client/internal/llamacpp/client.go:402.2,416.6 8 1
llmesh/client/internal/llamacpp/client.go:416.6,417.10 1 9
llmesh/client/internal/llamacpp/client.go:418.30,419.11 1 9
llmesh/client/internal/llamacpp/client.go:419.11,421.25 1 0
llmesh/client/internal/llamacpp/client.go:421.25,423.6 1 0
llmesh/client/internal/llamacpp/client.go:427.5,427.27 1 0
llmesh/client/internal/llamacpp/client.go:427.27,429.6 1 0
llmesh/client/internal/llamacpp/client.go:430.5,431.15 2 0
llmesh/client/internal/llamacpp/client.go:433.4,433.25 1 9
llmesh/client/internal/llamacpp/client.go:433.25,435.5 1 0
llmesh/client/internal/llamacpp/client.go:437.4,438.42 2 9
llmesh/client/internal/llamacpp/client.go:438.42,441.13 1 4
llmesh/client/internal/llamacpp/client.go:444.4,444.20 1 5
llmesh/client/internal/llamacpp/client.go:444.20,445.26 1 4
llmesh/client/internal/llamacpp/client.go:445.26,446.13 1 0
llmesh/client/internal/llamacpp/client.go:447.25,447.25 0 0
llmesh/client/internal/llamacpp/client.go:448.14,448.14 0 0
llmesh/client/internal/llamacpp/client.go:451.5,451.33 1 4
llmesh/client/internal/llamacpp/client.go:453.4,454.27 2 5
llmesh/client/internal/llamacpp/client.go:454.27,457.21 2 1
llmesh/client/internal/llamacpp/client.go:457.22,458.6 0 1
llmesh/client/internal/llamacpp/client.go:459.5,459.15 1 1
llmesh/client/internal/llamacpp/client.go:461.4,462.66 2 4
llmesh/client/internal/llamacpp/client.go:462.66,463.13 1 0
llmesh/client/internal/llamacpp/client.go:466.4,466.26 1 4
llmesh/client/internal/llamacpp/client.go:466.26,468.5 1 1
llmesh/client/internal/llamacpp/client.go:471.4,471.48 1 4
llmesh/client/internal/llamacpp/client.go:471.48,473.5 1 2
llmesh/client/internal/llamacpp/client.go:474.4,474.31 1 4
llmesh/client/internal/llamacpp/client.go:474.31,475.13 1 1
llmesh/client/internal/llamacpp/client.go:477.4,479.64 2 3
llmesh/client/internal/llamacpp/client.go:479.64,481.5 1 1
llmesh/client/internal/llamacpp/client.go:482.4,483.55 2 3
llmesh/client/internal/llamacpp/client.go:483.55,484.22 1 2
llmesh/client/internal/llamacpp/client.go:484.22,488.6 3 1
llmesh/client/internal/llamacpp/client.go:489.5,489.55 1 2
llmesh/client/internal/llamacpp/client.go:492.22,494.69 2 0
llmesh/client/internal/llamacpp/client.go:496.21,497.20 1 0
llmesh/client/internal/llamacpp/client.go:502.73,514.67 2 4
llmesh/client/internal/llamacpp/client.go:514.67,516.3 1 0
llmesh/client/internal/llamacpp/client.go:520.2,520.30 1 4
llmesh/client/internal/llamacpp/client.go:520.30,522.3 1 0
llmesh/client/internal/llamacpp/client.go:523.2,528.12 4 4
llmesh/client/internal/updater/updater.go:37.40,39.16 2 5
llmesh/client/internal/updater/updater.go:39.16,41.3 1 0
llmesh/client/internal/updater/updater.go:42.2,42.25 1 5
llmesh/client/internal/updater/updater.go:42.25,44.3 1 4
llmesh/client/internal/updater/updater.go:45.2,45.12 1 1
llmesh/client/internal/updater/updater.go:50.43,52.44 2 16
llmesh/client/internal/updater/updater.go:52.44,54.3 1 0
llmesh/client/internal/updater/updater.go:55.2,56.21 2 16
llmesh/client/internal/updater/updater.go:56.21,58.3 1 2
llmesh/client/internal/updater/updater.go:59.2,60.25 2 14
llmesh/client/internal/updater/updater.go:60.25,62.17 2 42
llmesh/client/internal/updater/updater.go:62.17,64.4 1 0
llmesh/client/internal/updater/updater.go:65.3,65.13 1 42
llmesh/client/internal/updater/updater.go:67.2,67.18 1 14
llmesh/client/internal/updater/updater.go:73.43,76.18 3 8
llmesh/client/internal/updater/updater.go:76.18,78.3 1 2
llmesh/client/internal/updater/updater.go:79.2,79.25 1 6
llmesh/client/internal/updater/updater.go:79.25,80.21 1 13
llmesh/client/internal/updater/updater.go:80.21,82.4 1 5
llmesh/client/internal/updater/updater.go:84.2,84.14 1 1
llmesh/client/internal/updater/updater.go:100.149,101.23 1 0
llmesh/client/internal/updater/updater.go:101.23,103.3 1 0
llmesh/client/internal/updater/updater.go:104.2,104.29 1 0
llmesh/client/internal/updater/updater.go:104.29,107.3 2 0
llmesh/client/internal/updater/updater.go:108.2,108.50 1 0
llmesh/client/internal/updater/updater.go:108.50,113.3 2 0
llmesh/client/internal/updater/updater.go:115.2,115.20 1 0
llmesh/client/internal/updater/updater.go:115.20,117.3 1 0
llmesh/client/internal/updater/updater.go:119.2,120.16 2 0
llmesh/client/internal/updater/updater.go:120.16,122.10 1 0
llmesh/client/internal/updater/updater.go:123.35,123.35 0 0
llmesh/client/internal/updater/updater.go:124.21,125.10 1 0
llmesh/client/internal/updater/updater.go:127.3,130.21 4 0
llmesh/client/internal/updater/updater.go:133.2,133.6 1 0
llmesh/client/internal/updater/updater.go:133.6,134.10 1 0
llmesh/client/internal/updater/updater.go:135.18,136.13 1 0
llmesh/client/internal/updater/updater.go:137.29,138.11 1 0
llmesh/client/internal/updater/updater.go:138.11,140.5 1 0
llmesh/client/internal/updater/updater.go:141.4,142.13 2 0
llmesh/client/internal/updater/updater.go:143.21,144.10 1 0
llmesh/client/internal/updater/updater.go:149.111,151.16 2 0
llmesh/client/internal/updater/updater.go:151.16,154.3 2 0
llmesh/client/internal/updater/updater.go:155.2,155.41 1 0
llmesh/client/internal/updater/updater.go:155.41,157.3 1 0
llmesh/client/internal/updater/updater.go:158.2,160.15 2 0
llmesh/client/internal/updater/updater.go:160.15,163.3 2 0
llmesh/client/internal/updater/updater.go:165.2,165.57 1 0
llmesh/client/internal/updater/updater.go:165.57,167.3 1 0
llmesh/client/internal/updater/updater.go:171.72,172.42 1 1
llmesh/client/internal/updater/updater.go:172.42,174.3 1 1
llmesh/client/internal/updater/updater.go:175.2,176.16 2 0
llmesh/client/internal/updater/updater.go:176.16,178.3 1 0
llmesh/client/internal/updater/updater.go:179.2,180.16 2 0
llmesh/client/internal/updater/updater.go:180.16,182.3 1 0
llmesh/client/internal/updater/updater.go:183.2,184.38 2 0
llmesh/client/internal/updater/updater.go:184.38,186.3 1 0
llmesh/client/internal/updater/updater.go:187.2,188.97 2 0
llmesh/client/internal/updater/updater.go:188.97,190.3 1 0
llmesh/client/internal/updater/updater.go:191.2,191.45 1 0
llmesh/client/internal/updater/updater.go:191.45,193.3 1 0
llmesh/client/internal/updater/updater.go:194.2,194.16 1 0
llmesh/client/internal/updater/updater.go:200.42,201.42 1 3
llmesh/client/internal/updater/updater.go:201.42,203.3 1 1
llmesh/client/internal/updater/updater.go:204.2,204.39 1 2
llmesh/client/internal/updater/updater.go:204.39,206.3 1 1
llmesh/client/internal/updater/updater.go:207.2,207.12 1 1
llmesh/client/internal/updater/updater.go:210.96,212.16 2 0
llmesh/client/internal/updater/updater.go:212.16,214.3 1 0
llmesh/client/internal/updater/updater.go:218.2,219.16 2 0
llmesh/client/internal/updater/updater.go:219.16,221.3 1 0
llmesh/client/internal/updater/updater.go:222.2,227.50 3 0
llmesh/client/internal/updater/updater.go:227.50,229.3 1 0
llmesh/client/internal/updater/updater.go:231.2,233.16 3 0
llmesh/client/internal/updater/updater.go:233.16,235.3 1 0
llmesh/client/internal/updater/updater.go:236.2,237.16 2 0
llmesh/client/internal/updater/updater.go:237.16,239.3 1 0
llmesh/client/internal/updater/updater.go:240.2,241.38 2 0
llmesh/client/internal/updater/updater.go:241.38,243.3 1 0
llmesh/client/internal/updater/updater.go:245.2,247.101 2 0
llmesh/client/internal/updater/updater.go:247.101,250.3 2 0
llmesh/client/internal/updater/updater.go:251.2,251.36 1 0
llmesh/client/internal/updater/updater.go:251.36,253.3 1 0
llmesh/client/internal/updater/updater.go:256.2,258.17 3 0
llmesh/client/internal/updater/updater.go:258.17,260.3 1 0
llmesh/client/internal/updater/updater.go:261.2,263.48 2 0
llmesh/client/internal/updater/updater.go:263.48,265.3 1 0
llmesh/client/internal/updater/updater.go:268.2,268.15 1 0
llmesh/client/internal/updater/updater.go:268.15,271.3 2 0
llmesh/client/internal/updater/updater.go:273.2,274.48 2 0
llmesh/client/internal/updater/updater.go:274.48,276.3 1 0
llmesh/client/internal/updater/updater.go:279.2,279.65 1 0
llmesh/client/internal/updater/updater.go:279.65,281.3 1 0
llmesh/client/internal/updater/updater.go:282.2,282.12 1 0
llmesh/client/internal/worker/worker.go:24.111,27.20 3 2
llmesh/client/internal/worker/worker.go:27.20,35.3 3 1
llmesh/client/internal/worker/worker.go:41.2,42.12 2 1
llmesh/client/internal/worker/worker.go:42.12,45.7 3 1
llmesh/client/internal/worker/worker.go:45.7,46.11 1 1
llmesh/client/internal/worker/worker.go:47.20,48.63 1 0
llmesh/client/internal/worker/worker.go:49.25,50.11 1 1
llmesh/client/internal/worker/worker.go:51.22,52.11 1 0
llmesh/client/internal/worker/worker.go:56.2,60.156 4 1
llmesh/client/internal/worker/worker.go:60.156,61.27 1 0
llmesh/client/internal/worker/worker.go:61.27,63.4 1 0
llmesh/client/internal/worker/worker.go:64.3,73.45 2 0
llmesh/client/internal/worker/worker.go:73.45,74.24 1 0
llmesh/client/internal/worker/worker.go:74.24,76.5 1 0
llmesh/client/internal/worker/worker.go:79.2,79.36 1 1
llmesh/client/internal/worker/worker.go:79.36,87.3 3 1
llmesh/client/internal/worker/worker.go:88.2,88.12 1 0
llmesh/pkg/types/types.go:25.46,26.9 1 9
llmesh/pkg/types/types.go:27.36,28.24 1 3
llmesh/pkg/types/types.go:29.36,30.23 1 2
llmesh/pkg/types/types.go:31.36,32.23 1 1
llmesh/pkg/types/types.go:33.10,34.12 1 3
llmesh/pkg/types/types.go:43.63,44.48 1 6
llmesh/pkg/types/types.go:44.48,46.3 1 2
llmesh/pkg/types/types.go:47.2,47.29 1 4
llmesh/pkg/types/types.go:47.29,49.32 2 6
llmesh/pkg/types/types.go:49.32,50.14 1 12
llmesh/pkg/types/types.go:50.14,52.10 2 4
llmesh/pkg/types/types.go:55.3,55.13 1 6
llmesh/pkg/types/types.go:55.13,57.4 1 2
llmesh/pkg/types/types.go:59.2,59.13 1 2
llmesh/pkg/types/types.go:73.44,74.11 1 0
llmesh/pkg/types/types.go:75.14,76.22 1 0
llmesh/pkg/types/types.go:77.13,78.21 1 0
llmesh/pkg/types/types.go:79.10,80.24 1 0
llmesh/pkg/types/types.go:248.33,249.14 1 0
llmesh/pkg/types/types.go:249.14,251.3 1 0
llmesh/pkg/types/types.go:252.2,252.85 1 0
llmesh/pkg/types/types.go:341.51,343.2 1 0
llmesh/pkg/types/types.go:348.79,349.32 1 0
llmesh/pkg/types/types.go:349.32,351.3 1 0
llmesh/pkg/types/types.go:352.2,352.30 1 0
llmesh/pkg/types/types.go:352.30,354.3 1 0
llmesh/pkg/types/types.go:355.2,355.42 1 0
llmesh/router/cmd/router/main.go:205.31,208.22 3 0
llmesh/router/cmd/router/main.go:208.22,209.33 1 0
llmesh/router/cmd/router/main.go:209.33,211.4 1 0
llmesh/router/cmd/router/main.go:212.3,212.29 1 0
llmesh/router/cmd/router/main.go:214.2,214.20 1 0
llmesh/router/cmd/router/main.go:217.13,223.16 5 0
llmesh/router/cmd/router/main.go:223.16,226.3 2 0
llmesh/router/cmd/router/main.go:228.2,239.39 10 0
llmesh/router/cmd/router/main.go:239.39,240.26 1 0
llmesh/router/cmd/router/main.go:241.27,241.27 0 0
llmesh/router/cmd/router/main.go:243.33,244.17 1 0
llmesh/router/cmd/router/main.go:244.17,247.5 1 0
llmesh/router/cmd/router/main.go:248.29,253.34 2 0
llmesh/router/cmd/router/main.go:256.2,256.39 1 0
llmesh/router/cmd/router/main.go:256.39,263.42 2 0
llmesh/router/cmd/router/main.go:263.42,265.4 1 0
llmesh/router/cmd/router/main.go:270.2,272.64 2 0
llmesh/router/cmd/router/main.go:272.64,273.24 1 0
llmesh/router/cmd/router/main.go:273.24,275.4 1 0
llmesh/router/cmd/router/main.go:276.3,276.28 1 0
llmesh/router/cmd/router/main.go:278.2,278.16 1 0
llmesh/router/cmd/router/main.go:278.16,281.3 2 0
llmesh/router/cmd/router/main.go:282.2,290.25 6 0
llmesh/router/cmd/router/main.go:290.25,290.41 1 0
llmesh/router/cmd/router/main.go:291.2,291.49 1 0
llmesh/router/cmd/router/main.go:291.49,291.78 2 0
llmesh/router/cmd/router/main.go:292.2,298.80 5 0
llmesh/router/cmd/router/main.go:298.80,300.3 1 0
llmesh/router/cmd/router/main.go:301.2,301.42 1 0
llmesh/router/cmd/router/main.go:301.42,301.105 1 0
llmesh/router/cmd/router/main.go:302.2,336.67 7 0
llmesh/router/cmd/router/main.go:336.67,337.24 1 0
llmesh/router/cmd/router/main.go:337.24,340.4 2 0
llmesh/router/cmd/router/main.go:341.3,352.54 3 0
llmesh/router/cmd/router/main.go:352.54,354.4 1 0
llmesh/router/cmd/router/main.go:359.2,359.86 1 0
llmesh/router/cmd/router/main.go:359.86,362.55 3 0
llmesh/router/cmd/router/main.go:362.55,365.4 2 0
llmesh/router/cmd/router/main.go:366.3,367.47 2 0
llmesh/router/cmd/router/main.go:367.47,370.4 2 0
llmesh/router/cmd/router/main.go:371.3,372.67 2 0
llmesh/router/cmd/router/main.go:372.67,374.4 1 0
llmesh/router/cmd/router/main.go:375.3,383.82 4 0
llmesh/router/cmd/router/main.go:383.82,385.23 2 0
llmesh/router/cmd/router/main.go:385.23,387.5 1 0
llmesh/router/cmd/router/main.go:389.3,390.31 2 0
llmesh/router/cmd/router/main.go:392.2,392.122 1 0
llmesh/router/cmd/router/main.go:392.122,395.3 2 0
llmesh/router/cmd/router/main.go:396.2,401.76 6 0
llmesh/router/cmd/router/main.go:401.76,403.18 2 0
llmesh/router/cmd/router/main.go:403.18,406.4 2 0
llmesh/router/cmd/router/main.go:407.3,408.10 2 0
llmesh/router/cmd/router/main.go:408.10,411.4 2 0
llmesh/router/cmd/router/main.go:414.3,414.66 1 0
llmesh/router/cmd/router/main.go:416.2,416.73 1 0
llmesh/router/cmd/router/main.go:416.73,424.37 4 0
llmesh/router/cmd/router/main.go:424.37,430.4 1 0
llmesh/router/cmd/router/main.go:431.3,439.5 2 0
llmesh/router/cmd/router/main.go:441.2,445.73 4 0
llmesh/router/cmd/router/main.go:445.73,448.3 2 0
llmesh/router/cmd/router/main.go:449.2,449.72 1 0
llmesh/router/cmd/router/main.go:449.72,451.3 1 0
llmesh/router/cmd/router/main.go:453.2,468.12 6 0
llmesh/router/cmd/router/main.go:468.12,479.45 6 0
llmesh/router/cmd/router/main.go:479.45,481.32 2 0
llmesh/router/cmd/router/main.go:481.32,488.5 1 0
llmesh/router/cmd/router/main.go:494.3,494.35 1 0
llmesh/router/cmd/router/main.go:494.35,496.4 1 0
llmesh/router/cmd/router/main.go:498.3,498.51 1 0
llmesh/router/cmd/router/main.go:498.51,500.4 1 0
llmesh/router/cmd/router/main.go:503.3,504.18 2 0
llmesh/router/cmd/router/main.go:507.2,507.62 1 0
llmesh/router/cmd/router/main.go:507.62,510.3 2 0
llmesh/router/cmd/router/main.go:519.50,534.2 1 0
llmesh/router/cmd/router/main.go:536.52,537.71 1 0
llmesh/router/cmd/router/main.go:537.71,542.3 4 0
llmesh/router/cmd/router/metrics.go:19.122,20.54 1 0
llmesh/router/cmd/router/metrics.go:20.54,61.35 16 0
llmesh/router/cmd/router/metrics.go:61.35,65.4 3 0
llmesh/router/cmd/router/metrics.go:68.3,74.34 7 0
llmesh/router/cmd/router/metrics.go:74.34,78.4 3 0
llmesh/router/cmd/router/metrics.go:81.3,81.17 1 0
llmesh/router/cmd/router/metrics.go:81.17,83.4 1 0
llmesh/router/cmd/router/metrics.go:85.3,85.28 1 0
llmesh/router/cmd/router/metrics.go:89.69,91.2 1 0
llmesh/pkg/wsclient/conn.go:30.44,33.2 2 0
llmesh/pkg/wsclient/conn.go:97.9,110.2 1 0
llmesh/pkg/wsclient/conn.go:116.33,116.50 1 0
llmesh/pkg/wsclient/conn.go:120.39,122.2 1 0
llmesh/pkg/wsclient/conn.go:125.41,128.6 3 0
llmesh/pkg/wsclient/conn.go:128.6,129.23 1 0
llmesh/pkg/wsclient/conn.go:129.23,131.4 1 0
llmesh/pkg/wsclient/conn.go:132.3,132.13 1 0
llmesh/pkg/wsclient/conn.go:132.13,134.4 1 0
llmesh/pkg/wsclient/conn.go:135.3,138.23 4 0
llmesh/pkg/wsclient/conn.go:138.23,140.4 1 0
llmesh/pkg/wsclient/conn.go:146.3,146.17 1 0
llmesh/pkg/wsclient/conn.go:146.17,148.4 1 0
llmesh/pkg/wsclient/conn.go:149.3,149.17 1 0
llmesh/pkg/wsclient/conn.go:149.17,152.11 3 0
llmesh/pkg/wsclient/conn.go:153.28,153.28 0 0
llmesh/pkg/wsclient/conn.go:154.22,155.11 1 0
llmesh/pkg/wsclient/conn.go:157.4,157.28 1 0
llmesh/pkg/wsclient/conn.go:157.28,159.5 1 0
llmesh/pkg/wsclient/conn.go:160.4,160.12 1 0
llmesh/pkg/wsclient/conn.go:162.3,162.50 1 0
llmesh/pkg/wsclient/conn.go:166.79,173.16 3 0
llmesh/pkg/wsclient/conn.go:173.16,175.3 1 0
llmesh/pkg/wsclient/conn.go:176.2,186.15 6 0
llmesh/pkg/wsclient/conn.go:186.15,192.3 5 0
llmesh/pkg/wsclient/conn.go:197.2,197.30 1 0
llmesh/pkg/wsclient/conn.go:197.30,199.17 2 0
llmesh/pkg/wsclient/conn.go:199.17,201.4 1 0
llmesh/pkg/wsclient/conn.go:202.3,204.19 3 0
llmesh/pkg/wsclient/conn.go:204.19,206.4 1 0
llmesh/pkg/wsclient/conn.go:207.3,207.56 1 0
llmesh/pkg/wsclient/conn.go:211.2,212.41 2 0
llmesh/pkg/wsclient/conn.go:212.41,215.3 2 0
llmesh/pkg/wsclient/conn.go:218.2,218.12 1 0
llmesh/pkg/wsclient/conn.go:218.12,221.7 3 0
llmesh/pkg/wsclient/conn.go:221.7,222.11 1 0
llmesh/pkg/wsclient/conn.go:223.20,227.18 4 0
llmesh/pkg/wsclient/conn.go:227.18,229.6 1 0
llmesh/pkg/wsclient/conn.go:230.5,230.103 1 0
llmesh/pkg/wsclient/conn.go:230.103,232.6 1 0
llmesh/pkg/wsclient/conn.go:233.26,234.11 1 0
llmesh/pkg/wsclient/conn.go:241.2,241.12 1 0
llmesh/pkg/wsclient/conn.go:241.12,242.10 1 0
llmesh/pkg/wsclient/conn.go:243.26,247.30 4 0
llmesh/pkg/wsclient/conn.go:247.30,249.5 1 0
llmesh/pkg/wsclient/conn.go:250.4,251.27 2 0
llmesh/pkg/wsclient/conn.go:251.27,257.5 1 0
llmesh/pkg/wsclient/conn.go:259.4,261.20 3 0
llmesh/pkg/wsclient/conn.go:261.20,264.5 1 0
llmesh/pkg/wsclient/conn.go:265.4,265.17 1 0
llmesh/pkg/wsclient/conn.go:266.25,266.25 0 0
llmesh/pkg/wsclient/conn.go:272.2,274.18 3 0
llmesh/pkg/wsclient/conn.go:274.18,276.3 1 0
llmesh/pkg/wsclient/conn.go:277.2,277.17 1 0
llmesh/pkg/wsclient/conn.go:277.17,279.3 1 0
llmesh/pkg/wsclient/conn.go:280.2,287.17 2 0
llmesh/pkg/wsclient/conn.go:287.17,289.3 1 0
llmesh/pkg/wsclient/conn.go:290.2,295.6 4 0
llmesh/pkg/wsclient/conn.go:295.6,297.17 2 0
llmesh/pkg/wsclient/conn.go:297.17,298.29 1 0
llmesh/pkg/wsclient/conn.go:298.29,300.5 1 0
llmesh/pkg/wsclient/conn.go:301.4,301.26 1 0
llmesh/pkg/wsclient/conn.go:303.3,313.51 3 0
llmesh/pkg/wsclient/conn.go:313.51,314.12 1 0
llmesh/pkg/wsclient/conn.go:317.3,317.18 1 0
llmesh/pkg/wsclient/conn.go:318.14,322.30 2 0
llmesh/pkg/wsclient/conn.go:322.30,323.13 1 0
llmesh/pkg/wsclient/conn.go:327.4,336.82 5 0
llmesh/pkg/wsclient/conn.go:336.82,337.18 1 0
llmesh/pkg/wsclient/conn.go:337.18,342.6 4 0
llmesh/pkg/wsclient/conn.go:343.5,343.18 1 0
llmesh/pkg/wsclient/conn.go:343.18,344.34 1 0
llmesh/pkg/wsclient/conn.go:344.34,348.7 3 0
llmesh/pkg/wsclient/conn.go:354.5,354.38 1 0
llmesh/pkg/wsclient/conn.go:354.38,356.6 1 0
llmesh/pkg/wsclient/conn.go:357.5,359.18 3 0
llmesh/pkg/wsclient/conn.go:359.18,362.6 2 0
llmesh/pkg/wsclient/conn.go:363.5,363.60 1 0
llmesh/pkg/wsclient/conn.go:363.60,365.6 1 0
llmesh/pkg/wsclient/conn.go:368.17,370.49 2 0
llmesh/pkg/wsclient/conn.go:370.49,374.5 3 0
llmesh/pkg/wsclient/conn.go:375.4,375.24 1 0
llmesh/pkg/wsclient/conn.go:377.17,378.35 1 0
llmesh/pkg/wsclient/conn.go:378.35,380.5 1 0
llmesh/pkg/wsclient/slotpool.go:26.30,30.2 3 4
llmesh/pkg/wsclient/slotpool.go:37.39,38.18 1 5
llmesh/pkg/wsclient/slotpool.go:38.18,40.3 1 0
llmesh/pkg/wsclient/slotpool.go:41.2,45.20 5 5
llmesh/pkg/wsclient/slotpool.go:52.59,57.40 1 6
llmesh/pkg/wsclient/slotpool.go:57.40,61.3 3 1
llmesh/pkg/wsclient/slotpool.go:62.2,67.43 4 6
llmesh/pkg/wsclient/slotpool.go:67.43,68.23 1 3
llmesh/pkg/wsclient/slotpool.go:68.23,77.4 4 1
llmesh/pkg/wsclient/slotpool.go:78.3,78.16 1 2
llmesh/pkg/wsclient/slotpool.go:80.2,83.13 4 5
llmesh/pkg/wsclient/slotpool.go:89.60,91.40 1 5
llmesh/pkg/wsclient/slotpool.go:91.40,95.3 3 1
llmesh/pkg/wsclient/slotpool.go:96.2,100.65 3 5
llmesh/pkg/wsclient/slotpool.go:100.65,101.23 1 4
llmesh/pkg/wsclient/slotpool.go:101.23,104.4 2 1
llmesh/pkg/wsclient/slotpool.go:105.3,105.16 1 3
llmesh/pkg/wsclient/slotpool.go:107.2,109.13 3 4
llmesh/pkg/wsclient/slotpool.go:113.30,115.20 2 3
llmesh/pkg/wsclient/slotpool.go:115.20,117.3 1 3
llmesh/pkg/wsclient/slotpool.go:118.2,119.20 2 3
llmesh/pkg/wsclient/slotpool.go:123.35,127.2 3 1
llmesh/router/internal/correlation/store.go:39.35,40.16 1 3
llmesh/router/internal/correlation/store.go:40.16,42.3 1 3
llmesh/router/internal/correlation/store.go:43.2,44.26 2 3
llmesh/router/internal/correlation/store.go:44.26,46.3 1 96
llmesh/router/internal/correlation/store.go:47.2,47.10 1 3
llmesh/router/internal/correlation/store.go:51.51,55.2 3 5
llmesh/router/internal/correlation/store.go:62.64,66.50 4 4
llmesh/router/internal/correlation/store.go:66.50,68.3 1 0
llmesh/router/internal/correlation/store.go:69.2,71.11 3 4
llmesh/router/internal/correlation/store.go:78.62,83.12 5 0
llmesh/router/internal/correlation/store.go:83.12,85.3 1 0
llmesh/router/internal/correlation/store.go:86.2,86.15 1 0
llmesh/router/internal/correlation/store.go:86.15,87.23 1 0
llmesh/router/internal/correlation/store.go:87.23,89.4 1 0
llmesh/router/internal/correlation/store.go:91.2,91.9 1 0
llmesh/router/internal/correlation/store.go:92.17,93.16 1 0
llmesh/router/internal/correlation/store.go:94.10,97.18 2 0
llmesh/router/internal/correlation/store.go:104.42,110.8 6 1
llmesh/router/internal/correlation/store.go:110.8,112.3 1 1
llmesh/router/internal/correlation/store.go:118.32,120.26 2 3
llmesh/router/internal/correlation/store.go:120.26,127.32 6 96
llmesh/router/internal/correlation/store.go:127.32,128.11 1 3
llmesh/router/internal/correlation/store.go:134.6,134.6 0 3
llmesh/router/internal/correlation/store.go:135.12,135.12 0 0
llmesh/router/internal/correlation/store.go:137.4,137.13 1 3
llmesh/router/internal/correlation/store.go:139.3,139.27 1 96
llmesh/router/internal/correlation/store.go:141.2,141.16 1 3
llmesh/router/internal/api/auth.go:12.44,14.38 2 0
llmesh/router/internal/api/auth.go:14.38,16.3 1 0
llmesh/router/internal/api/auth.go:17.2,17.41 1 0
llmesh/router/internal/api/auth.go:20.42,24.2 3 0
llmesh/router/internal/api/auth.go:26.60,31.2 4 0
llmesh/router/internal/api/auth.go:33.43,37.2 3 0
llmesh/router/internal/api/handler.go:25.13,28.2 2 1
llmesh/router/internal/api/handler.go:31.32,31.52 1 0
llmesh/router/internal/api/handler.go:33.31,33.56 1 0
llmesh/router/internal/api/handler.go:168.43,170.12 2 4
llmesh/router/internal/api/handler.go:170.12,172.3 1 2
llmesh/router/internal/api/handler.go:173.2,173.32 1 4
llmesh/router/internal/api/handler.go:173.32,175.3 1 1
llmesh/router/internal/api/handler.go:176.2,176.17 1 4
llmesh/router/internal/api/handler.go:181.44,181.77 1 0
llmesh/router/internal/api/handler.go:185.46,185.81 1 0
llmesh/router/internal/api/handler.go:187.47,188.23 1 0
llmesh/router/internal/api/handler.go:188.23,190.3 1 0
llmesh/router/internal/api/handler.go:191.2,191.25 1 0
llmesh/router/internal/api/handler.go:194.51,195.27 1 0
llmesh/router/internal/api/handler.go:195.27,197.3 1 0
llmesh/router/internal/api/handler.go:198.2,198.24 1 0
llmesh/router/internal/api/handler.go:201.48,202.24 1 0
llmesh/router/internal/api/handler.go:202.24,204.3 1 0
llmesh/router/internal/api/handler.go:205.2,205.25 1 0
llmesh/router/internal/api/handler.go:208.53,209.29 1 0
llmesh/router/internal/api/handler.go:209.29,211.3 1 0
llmesh/router/internal/api/handler.go:212.2,212.25 1 0
llmesh/router/internal/api/handler.go:216.33,218.2 1 0
llmesh/router/internal/api/handler.go:223.47,225.24 2 0
llmesh/router/internal/api/handler.go:225.24,227.3 1 0
llmesh/router/internal/api/handler.go:233.84,234.18 1 0
llmesh/router/internal/api/handler.go:234.18,236.3 1 0
llmesh/router/internal/api/handler.go:237.2,238.22 2 0
llmesh/router/internal/api/handler.go:238.22,239.63 1 0
llmesh/router/internal/api/handler.go:239.63,241.4 1 0
llmesh/router/internal/api/handler.go:243.2,243.20 1 0
llmesh/router/internal/api/handler.go:243.20,245.3 1 0
llmesh/router/internal/api/handler.go:246.2,246.20 1 0
llmesh/router/internal/api/handler.go:246.20,248.3 1 0
llmesh/router/internal/api/handler.go:255.3,257.43 2 0
llmesh/router/internal/api/handler.go:257.43,261.3 3 0
llmesh/router/internal/api/handler.go:264.2,264.42 1 0
llmesh/router/internal/api/handler.go:264.42,266.16 2 0
llmesh/router/internal/api/handler.go:266.16,268.48 2 0
llmesh/router/internal/api/handler.go:268.48,274.5 5 0
llmesh/router/internal/api/handler.go:280.2,282.16 3 0
llmesh/router/internal/api/handler.go:282.16,284.27 2 0
llmesh/router/internal/api/handler.go:284.27,291.4 6 0
llmesh/router/internal/api/handler.go:292.3,294.9 3 0
llmesh/router/internal/api/handler.go:297.2,298.16 2 0
llmesh/router/internal/api/handler.go:298.16,305.3 6 0
llmesh/router/internal/api/handler.go:309.2,310.19 2 0
llmesh/router/internal/api/handler.go:310.19,313.3 2 0
llmesh/router/internal/api/handler.go:315.2,316.22 2 0
llmesh/router/internal/api/handler.go:316.22,318.3 1 0
llmesh/router/internal/api/handler.go:323.2,323.22 1 0
llmesh/router/internal/api/handler.go:323.22,324.55 1 0
llmesh/router/internal/api/handler.go:324.55,336.4 6 0
llmesh/router/internal/api/handler.go:342.2,344.25 3 0
llmesh/router/internal/api/handler.go:344.25,346.3 1 0
llmesh/router/internal/api/handler.go:352.2,352.48 1 0
llmesh/router/internal/api/handler.go:352.48,353.120 1 0
llmesh/router/internal/api/handler.go:353.120,367.4 6 0
llmesh/router/internal/api/handler.go:373.2,373.27 1 0
llmesh/router/internal/api/handler.go:373.27,374.20 1 0
llmesh/router/internal/api/handler.go:374.20,376.18 2 0
llmesh/router/internal/api/handler.go:376.18,378.24 2 0
llmesh/router/internal/api/handler.go:378.24,395.6 6 0
llmesh/router/internal/api/handler.go:403.2,403.21 1 0
llmesh/router/internal/api/handler.go:403.21,405.45 2 0
llmesh/router/internal/api/handler.go:405.45,407.4 1 0
llmesh/router/internal/api/handler.go:409.3,410.31 2 0
llmesh/router/internal/api/handler.go:410.31,411.46 1 0
llmesh/router/internal/api/handler.go:411.46,412.29 1 0
llmesh/router/internal/api/handler.go:412.29,414.11 2 0
llmesh/router/internal/api/handler.go:418.3,418.13 1 0
llmesh/router/internal/api/handler.go:418.13,432.4 7 0
llmesh/router/internal/api/handler.go:437.2,437.20 1 0
llmesh/router/internal/api/handler.go:437.20,440.18 3 0
llmesh/router/internal/api/handler.go:440.18,450.18 10 0
llmesh/router/internal/api/handler.go:450.18,452.5 1 0
llmesh/router/internal/api/handler.go:452.10,454.5 1 0
llmesh/router/internal/api/handler.go:455.4,455.10 1 0
llmesh/router/internal/api/handler.go:458.3,471.29 11 0
llmesh/router/internal/api/handler.go:471.29,478.4 6 0
llmesh/router/internal/api/handler.go:479.3,482.17 3 0
llmesh/router/internal/api/handler.go:482.17,484.4 1 0
llmesh/router/internal/api/handler.go:484.9,486.4 1 0
llmesh/router/internal/api/handler.go:487.3,487.9 1 0
llmesh/router/internal/api/handler.go:490.2,501.28 10 0
llmesh/router/internal/api/handler.go:501.28,508.3 6 0
llmesh/router/internal/api/handler.go:509.2,512.16 3 0
llmesh/router/internal/api/handler.go:512.16,514.3 1 0
llmesh/router/internal/api/handler.go:514.8,516.3 1 0
llmesh/router/internal/api/handler.go:519.147,524.9 5 0
llmesh/router/internal/api/handler.go:524.9,527.3 2 0
llmesh/router/internal/api/handler.go:529.2,535.34 4 0
llmesh/router/internal/api/handler.go:535.34,537.3 1 0
llmesh/router/internal/api/handler.go:542.2,551.26 6 0
llmesh/router/internal/api/handler.go:551.26,552.28 1 0
llmesh/router/internal/api/handler.go:552.28,553.11 1 0
llmesh/router/internal/api/handler.go:554.27,554.27 0 0
llmesh/router/internal/api/handler.go:555.12,555.12 0 0
llmesh/router/internal/api/handler.go:558.3,558.32 1 0
llmesh/router/internal/api/handler.go:563.2,569.6 5 0
llmesh/router/internal/api/handler.go:569.6,570.10 1 0
llmesh/router/internal/api/handler.go:571.28,572.13 1 0
llmesh/router/internal/api/handler.go:572.13,580.5 3 0
llmesh/router/internal/api/handler.go:581.4,581.16 1 0
llmesh/router/internal/api/handler.go:581.16,583.27 2 0
llmesh/router/internal/api/handler.go:583.27,584.13 1 0
llmesh/router/internal/api/handler.go:585.26,585.26 0 0
llmesh/router/internal/api/handler.go:586.14,586.14 0 0
llmesh/router/internal/api/handler.go:590.4,591.50 2 0
llmesh/router/internal/api/handler.go:591.50,593.5 1 0
llmesh/router/internal/api/handler.go:594.4,594.41 1 0
llmesh/router/internal/api/handler.go:594.41,596.5 1 0
llmesh/router/internal/api/handler.go:597.4,597.25 1 0
llmesh/router/internal/api/handler.go:598.21,599.66 1 0
llmesh/router/internal/api/handler.go:599.66,600.31 1 0
llmesh/router/internal/api/handler.go:600.31,602.7 1 0
llmesh/router/internal/api/handler.go:603.6,603.21 1 0
llmesh/router/internal/api/handler.go:605.5,605.19 1 0
llmesh/router/internal/api/handler.go:605.19,608.80 3 0
llmesh/router/internal/api/handler.go:608.80,610.7 1 0
llmesh/router/internal/api/handler.go:611.6,612.12 2 0
llmesh/router/internal/api/handler.go:614.28,615.26 1 0
llmesh/router/internal/api/handler.go:615.26,618.6 2 0
llmesh/router/internal/api/handler.go:619.5,619.19 1 0
llmesh/router/internal/api/handler.go:619.19,625.6 5 0
llmesh/router/internal/api/handler.go:626.12,627.59 1 0
llmesh/router/internal/api/handler.go:627.59,630.6 2 0
llmesh/router/internal/api/handler.go:631.5,631.19 1 0
llmesh/router/internal/api/handler.go:631.19,640.6 7 0
llmesh/router/internal/api/handler.go:642.22,644.19 2 0
llmesh/router/internal/api/handler.go:645.23,649.10 4 0
llmesh/router/internal/api/handler.go:650.26,654.10 4 0
llmesh/router/internal/api/handler.go:655.29,658.10 3 0
llmesh/router/internal/api/handler.go:663.146,673.6 8 0
llmesh/router/internal/api/handler.go:673.6,674.10 1 0
llmesh/router/internal/api/handler.go:675.28,676.13 1 0
llmesh/router/internal/api/handler.go:676.13,683.5 3 0
llmesh/router/internal/api/handler.go:684.4,684.41 1 0
llmesh/router/internal/api/handler.go:684.41,686.5 1 0
llmesh/router/internal/api/handler.go:687.4,687.18 1 0
llmesh/router/internal/api/handler.go:687.18,688.33 1 0
llmesh/router/internal/api/handler.go:688.33,690.6 1 0
llmesh/router/internal/api/handler.go:691.5,691.38 1 0
llmesh/router/internal/api/handler.go:691.38,693.6 1 0
llmesh/router/internal/api/handler.go:694.5,694.27 1 0
llmesh/router/internal/api/handler.go:694.27,696.6 1 0
llmesh/router/internal/api/handler.go:697.5,698.11 2 0
llmesh/router/internal/api/handler.go:700.4,701.37 2 0
llmesh/router/internal/api/handler.go:701.37,703.5 1 0
llmesh/router/internal/api/handler.go:704.20,706.40 2 0
llmesh/router/internal/api/handler.go:706.40,712.9 3 0
llmesh/router/internal/api/handler.go:712.9,713.13 1 0
llmesh/router/internal/api/handler.go:714.16,714.16 0 0
llmesh/router/internal/api/handler.go:715.14,716.23 1 0
llmesh/router/internal/api/handler.go:719.5,726.13 8 0
llmesh/router/internal/api/handler.go:728.4,731.10 4 0
llmesh/router/internal/api/handler.go:732.29,735.10 3 0
llmesh/router/internal/api/handler.go:740.163,745.23 5 0
llmesh/router/internal/api/handler.go:746.19,747.101 1 0
llmesh/router/internal/api/handler.go:748.26,749.82 1 0
llmesh/router/internal/api/handler.go:750.10,751.98 1 0
llmesh/router/internal/api/handler.go:753.2,753.56 1 0
llmesh/router/internal/api/handler.go:753.56,755.3 1 0
llmesh/router/internal/api/handler.go:779.88,781.32 2 4
llmesh/router/internal/api/handler.go:781.32,782.25 1 5
llmesh/router/internal/api/handler.go:782.25,784.4 1 1
llmesh/router/internal/api/handler.go:785.3,786.37 2 4
llmesh/router/internal/api/handler.go:788.2,788.33 1 4
llmesh/router/internal/api/handler.go:788.33,790.43 2 4
llmesh/router/internal/api/handler.go:790.43,792.12 2 1
llmesh/router/internal/api/handler.go:794.3,798.47 2 3
llmesh/router/internal/api/handler.go:798.47,799.28 1 3
llmesh/router/internal/api/handler.go:799.28,801.61 2 6
llmesh/router/internal/api/handler.go:802.52,804.22 2 3
llmesh/router/internal/api/handler.go:805.30,807.22 2 2
llmesh/router/internal/api/handler.go:810.4,810.12 1 3
llmesh/router/internal/api/handler.go:812.3,812.74 1 0
llmesh/router/internal/api/handler.go:812.74,814.4 1 0
llmesh/router/internal/api/handler.go:814.9,816.4 1 0
llmesh/router/internal/api/handler.go:818.2,819.30 2 4
llmesh/router/internal/api/handler.go:822.45,823.54 1 0
llmesh/router/internal/api/handler.go:823.54,825.3 1 0
llmesh/router/internal/api/handler.go:828.48,829.54 1 0
llmesh/router/internal/api/handler.go:829.54,831.3 1 0
llmesh/router/internal/api/handler.go:834.48,835.54 1 0
llmesh/router/internal/api/handler.go:835.54,837.3 1 0
llmesh/router/internal/api/handler.go:842.48,843.54 1 0
llmesh/router/internal/api/handler.go:843.54,845.44 2 0
llmesh/router/internal/api/handler.go:845.44,848.4 2 0
llmesh/router/internal/api/handler.go:849.3,861.27 4 0
llmesh/router/internal/api/handler.go:861.27,863.4 1 0
llmesh/router/internal/api/handler.go:865.3,866.27 2 0
llmesh/router/internal/api/handler.go:866.27,874.4 1 0
llmesh/router/internal/api/handler.go:877.3,877.23 1 0
llmesh/router/internal/api/handler.go:877.23,879.40 2 0
llmesh/router/internal/api/handler.go:879.40,881.31 2 0
llmesh/router/internal/api/handler.go:881.31,882.39 1 0
llmesh/router/internal/api/handler.go:882.39,883.38 1 0
llmesh/router/internal/api/handler.go:883.38,885.8 1 0
llmesh/router/internal/api/handler.go:888.5,894.7 1 0
llmesh/router/internal/api/handler.go:898.3,902.5 2 0
llmesh/router/internal/api/handler.go:912.49,913.54 1 0
llmesh/router/internal/api/handler.go:913.54,915.44 2 0
llmesh/router/internal/api/handler.go:915.44,918.4 2 0
llmesh/router/internal/api/handler.go:919.3,924.23 4 0
llmesh/router/internal/api/handler.go:924.23,925.53 1 0
llmesh/router/internal/api/handler.go:925.53,926.31 1 0
llmesh/router/internal/api/handler.go:926.31,928.6 1 0
llmesh/router/internal/api/handler.go:932.3,940.27 3 0
llmesh/router/internal/api/handler.go:940.27,942.29 1 0
llmesh/router/internal/api/handler.go:942.29,943.13 1 0
llmesh/router/internal/api/handler.go:945.4,953.6 3 0
llmesh/router/internal/api/handler.go:955.3,955.43 1 0
llmesh/router/internal/api/handler.go:955.43,955.89 1 0
llmesh/router/internal/api/handler.go:957.3,961.5 2 0
llmesh/router/internal/api/handler.go:970.44,973.2 2 0
llmesh/router/internal/api/handler.go:980.116,981.23 1 0
llmesh/router/internal/api/handler.go:982.19,983.54 1 0
llmesh/router/internal/api/handler.go:984.26,985.58 1 0
llmesh/router/internal/api/handler.go:986.10,988.41 2 0
llmesh/router/internal/api/handler.go:990.2,990.17 1 0
llmesh/router/internal/api/handler.go:996.132,1007.18 4 0
llmesh/router/internal/api/handler.go:1007.18,1009.39 2 0
llmesh/router/internal/api/handler.go:1009.39,1013.18 4 0
llmesh/router/internal/api/handler.go:1013.18,1015.5 1 0
llmesh/router/internal/api/handler.go:1016.9,1016.36 1 0
llmesh/router/internal/api/handler.go:1016.36,1018.4 1 0
llmesh/router/internal/api/handler.go:1020.2,1020.53 1 0
llmesh/router/internal/api/handler.go:1024.39,1025.55 1 0
llmesh/router/internal/api/handler.go:1025.55,1027.3 1 0
llmesh/router/internal/api/handler.go:1028.2,1028.34 1 0
llmesh/router/internal/api/handler.go:1028.34,1030.51 1 0
llmesh/router/internal/api/handler.go:1030.51,1032.4 1 0
llmesh/router/internal/api/handler.go:1033.3,1033.12 1 0
llmesh/router/internal/api/handler.go:1035.2,1035.12 1 0
llmesh/router/internal/api/handler.go:1041.33,1042.19 1 0
llmesh/router/internal/api/handler.go:1042.19,1044.3 1 0
llmesh/router/internal/api/handler.go:1045.2,1045.24 1 0
llmesh/router/internal/api/handler.go:1049.56,1050.16 1 0
llmesh/router/internal/api/handler.go:1050.16,1052.3 1 0
llmesh/router/internal/api/handler.go:1053.2,1053.18 1 0
llmesh/router/internal/api/handler.go:1057.33,1058.11 1 0
llmesh/router/internal/api/handler.go:1059.9,1060.16 1 0
llmesh/router/internal/api/handler.go:1061.9,1062.15 1 0
llmesh/router/internal/api/handler.go:1063.10,1064.18 1 0
llmesh/router/internal/dedup/dedup.go:42.22,44.2 1 0
llmesh/router/internal/dedup/dedup.go:53.124,56.13 3 0
llmesh/router/internal/dedup/dedup.go:56.13,60.3 3 0
llmesh/router/internal/dedup/dedup.go:64.2,68.13 5 0
llmesh/router/internal/dedup/dedup.go:68.13,71.3 2 0
llmesh/router/internal/dedup/dedup.go:72.2,75.23 3 0
llmesh/router/internal/dedup/dedup.go:80.63,84.9 4 0
llmesh/router/internal/dedup/dedup.go:84.9,86.3 1 0
llmesh/router/internal/dedup/dedup.go:88.2,91.29 4 0
llmesh/router/internal/dedup/dedup.go:91.29,92.19 1 0
llmesh/router/internal/dedup/dedup.go:92.19,93.12 1 0
llmesh/router/internal/dedup/dedup.go:95.3,95.10 1 0
llmesh/router/internal/dedup/dedup.go:96.24,96.24 0 0
llmesh/router/internal/dedup/dedup.go:97.11,100.23 1 0
llmesh/router/internal/dedup/dedup.go:103.2,103.16 1 0
llmesh/router/internal/dedup/dedup.go:103.16,105.30 2 0
llmesh/router/internal/dedup/dedup.go:105.30,107.4 1 0
llmesh/router/internal/dedup/dedup.go:108.3,108.15 1 0
llmesh/router/internal/dedup/dedup.go:114.44,119.9 5 0
llmesh/router/internal/dedup/dedup.go:119.9,121.3 1 0
llmesh/router/internal/dedup/dedup.go:122.2,124.13 3 0
llmesh/router/internal/dedup/dedup.go:124.13,128.30 1 0
llmesh/router/internal/dedup/dedup.go:128.30,130.4 1 0
llmesh/router/internal/dedup/dedup.go:131.3,131.15 1 0
llmesh/router/internal/dedup/dedup.go:138.54,140.2 1 2
llmesh/router/internal/dedup/dedup.go:148.74,162.15 5 8
llmesh/router/internal/dedup/dedup.go:162.15,164.34 2 6
llmesh/router/internal/dedup/dedup.go:164.34,168.4 3 6
llmesh/router/internal/dedup/dedup.go:169.3,170.41 2 6
llmesh/router/internal/dedup/dedup.go:172.2,183.35 3 8
llmesh/router/internal/dedup/dedup.go:190.57,191.19 1 24
llmesh/router/internal/dedup/dedup.go:191.19,193.3 1 18
llmesh/router/internal/dedup/dedup.go:194.2,195.48 2 6
llmesh/router/internal/dedup/dedup.go:195.48,197.3 1 0
llmesh/router/internal/dedup/dedup.go:198.2,198.29 1 6
llmesh/router/internal/dedup/dedup.go:198.29,200.3 1 4
llmesh/router/internal/dedup/dedup.go:201.2,202.16 2 6
llmesh/router/internal/dedup/dedup.go:202.16,204.3 1 0
llmesh/router/internal/dedup/dedup.go:205.2,205.12 1 6
llmesh/router/internal/dedup/dedup.go:215.121,217.17 2 0
llmesh/router/internal/dedup/dedup.go:217.17,219.3 1 0
llmesh/router/internal/dedup/dedup.go:220.2,221.27 2 0
llmesh/router/internal/dedup/dedup.go:221.27,223.3 1 0
llmesh/router/internal/dedup/dedup.go:224.2,224.17 1 0
llmesh/router/internal/dedup/dedup.go:224.17,225.13 1 0
llmesh/router/internal/dedup/dedup.go:225.13,227.8 2 0
llmesh/router/internal/dedup/dedup.go:227.8,228.12 1 0
llmesh/router/internal/dedup/dedup.go:229.26,230.13 1 0
llmesh/router/internal/dedup/dedup.go:230.13,232.7 1 0
llmesh/router/internal/dedup/dedup.go:233.6,233.13 1 0
llmesh/router/internal/dedup/dedup.go:234.19,234.19 0 0
llmesh/router/internal/dedup/dedup.go:235.24,236.13 1 0
llmesh/router/internal/dedup/dedup.go:238.23,239.12 1 0
llmesh/router/internal/dedup/dedup.go:243.8,245.3 1 0
llmesh/router/internal/dedup/dedup.go:246.2,246.11 1 0
llmesh/router/internal/latency/latency.go:31.52,33.2 1 0
llmesh/router/internal/latency/latency.go:36.40,40.2 3 0
llmesh/router/internal/latency/latency.go:43.54,45.2 1 0
llmesh/router/internal/latency/latency.go:49.66,53.26 4 0
llmesh/router/internal/latency/latency.go:53.26,54.25 1 0
llmesh/router/internal/latency/latency.go:54.25,56.4 1 0
llmesh/router/internal/latency/latency.go:58.2,60.26 3 0
llmesh/router/internal/latency/latency.go:60.26,62.3 1 0
llmesh/router/internal/latency/latency.go:63.2,65.20 2 0
llmesh/router/internal/latency/latency.go:65.20,67.3 1 0
llmesh/router/internal/latency/latency.go:68.2,73.8 3 0
llmesh/router/internal/latency/latency.go:78.83,81.17 3 0
llmesh/router/internal/latency/latency.go:81.17,83.3 1 0
llmesh/router/internal/latency/latency.go:84.2,85.15 2 0
llmesh/router/internal/latency/latency.go:85.15,89.3 3 0
llmesh/router/internal/latency/latency.go:90.2,90.55 1 0
llmesh/router/internal/latency/latency.go:93.39,94.17 1 0
llmesh/router/internal/latency/latency.go:94.17,96.3 1 0
llmesh/router/internal/latency/latency.go:97.2,97.40 1 0
llmesh/router/internal/latency/latency.go:113.22,122.2 1 0
llmesh/router/internal/latency/latency.go:124.80,126.9 2 0
llmesh/router/internal/latency/latency.go:126.9,129.3 2 0
llmesh/router/internal/latency/latency.go:130.2,130.10 1 0
llmesh/router/internal/latency/latency.go:134.67,139.2 4 0
llmesh/router/internal/latency/latency.go:142.62,147.2 4 0
llmesh/router/internal/latency/latency.go:150.66,155.2 4 0
llmesh/router/internal/latency/latency.go:159.79,160.23 1 0
llmesh/router/internal/latency/latency.go:160.23,162.3 1 0
llmesh/router/internal/latency/latency.go:163.2,166.25 4 0
llmesh/router/internal/latency/latency.go:171.76,172.23 1 0
llmesh/router/internal/latency/latency.go:172.23,174.3 1 0
llmesh/router/internal/latency/latency.go:175.2,178.25 4 0
llmesh/router/internal/latency/latency.go:183.56,186.100 3 0
llmesh/router/internal/latency/latency.go:186.100,187.24 1 0
llmesh/router/internal/latency/latency.go:187.24,189.4 1 0
llmesh/router/internal/latency/latency.go:193.2,202.28 3 0
llmesh/router/internal/latency/latency.go:202.28,211.3 1 0
llmesh/router/internal/latency/latency.go:212.2,215.40 2 0
llmesh/router/internal/latency/latency.go:215.40,215.82 1 0
llmesh/router/internal/latency/latency.go:217.2,217.26 1 0
llmesh/router/internal/latency/latency.go:217.26,218.18 1 0
llmesh/router/internal/latency/latency.go:218.18,223.4 1 0
llmesh/router/internal/latency/latency.go:224.3,224.20 1 0
llmesh/router/internal/latency/latency.go:224.20,229.4 1 0
llmesh/router/internal/latency/latency.go:230.3,230.19 1 0
llmesh/router/internal/latency/latency.go:230.19,235.4 1 0
llmesh/router/internal/latency/latency.go:236.3,236.25 1 0
llmesh/router/internal/latency/latency.go:236.25,241.4 1 0
llmesh/router/internal/latency/latency.go:242.3,242.22 1 0
llmesh/router/internal/latency/latency.go:242.22,247.4 1 0
llmesh/router/internal/logring/logring.go:37.30,44.38 2 0
llmesh/router/internal/logring/logring.go:44.38,46.3 1 0
llmesh/router/internal/logring/logring.go:47.2,47.10 1 0
llmesh/router/internal/logring/logring.go:51.46,55.9 4 0
llmesh/router/internal/logring/logring.go:55.9,57.3 1 0
llmesh/router/internal/logring/logring.go:58.2,61.30 4 0
llmesh/router/internal/logring/logring.go:61.30,63.3 1 0
llmesh/router/internal/logring/logring.go:67.58,71.9 4 0
llmesh/router/internal/logring/logring.go:71.9,73.3 1 0
llmesh/router/internal/logring/logring.go:74.2,75.28 2 0
llmesh/router/internal/logring/logring.go:75.28,77.3 1 0
llmesh/router/internal/logring/logring.go:78.2,80.25 3 0
llmesh/router/internal/logring/logring.go:80.25,83.3 2 0
llmesh/router/internal/logring/logring.go:84.2,84.12 1 0
llmesh/router/internal/logring/logring.go:88.28,92.2 3 0
llmesh/router/internal/logring/logring.go:106.71,108.2 1 0
llmesh/router/internal/logring/logring.go:110.69,112.2 1 0
llmesh/router/internal/logring/logring.go:114.48,115.23 1 0
llmesh/router/internal/logring/logring.go:115.23,117.3 1 0
llmesh/router/internal/logring/logring.go:118.2,118.32 1 0
llmesh/router/internal/logring/logring.go:121.66,123.28 2 0
llmesh/router/internal/logring/logring.go:123.28,125.3 1 0
llmesh/router/internal/logring/logring.go:126.2,126.33 1 0
llmesh/router/internal/logring/logring.go:126.33,129.3 2 0
llmesh/router/internal/logring/logring.go:130.2,130.21 1 0
llmesh/router/internal/logring/logring.go:130.21,132.3 1 0
llmesh/router/internal/logring/logring.go:133.2,139.12 2 0
llmesh/router/internal/logring/logring.go:142.61,146.2 3 0
llmesh/router/internal/logring/logring.go:148.55,150.23 2 0
llmesh/router/internal/logring/logring.go:150.23,152.3 1 0
llmesh/router/internal/logring/logring.go:152.8,154.3 1 0
llmesh/router/internal/logring/logring.go:155.2,155.12 1 0
llmesh/router/internal/logring/logring.go:165.76,166.31 1 0
llmesh/router/internal/logring/logring.go:166.31,167.28 1 0
llmesh/router/internal/logring/logring.go:167.28,169.4 1 0
llmesh/router/internal/logring/logring.go:171.2,171.14 1 0
llmesh/router/internal/logring/logring.go:174.73,176.31 2 0
llmesh/router/internal/logring/logring.go:176.31,177.30 1 0
llmesh/router/internal/logring/logring.go:177.30,178.59 1 0
llmesh/router/internal/logring/logring.go:178.59,180.5 1 0
llmesh/router/internal/logring/logring.go:183.2,183.14 1 0
llmesh/router/internal/logring/logring.go:186.66,188.31 2 0
llmesh/router/internal/logring/logring.go:188.31,190.3 1 0
llmesh/router/internal/logring/logring.go:191.2,191.36 1 0
llmesh/router/internal/logring/logring.go:194.60,196.31 2 0
llmesh/router/internal/logring/logring.go:196.31,198.3 1 0
llmesh/router/internal/logring/logring.go:199.2,199.36 1 0
llmesh/router/internal/logring/logring.go:205.76,207.17 2 0
llmesh/router/internal/logring/logring.go:207.17,209.3 1 0
llmesh/router/internal/logring/logring.go:210.2,211.72 2 0
llmesh/router/internal/hub/hub.go:34.46,35.18 1 20
llmesh/router/internal/hub/hub.go:35.18,37.3 1 13
llmesh/router/internal/hub/hub.go:38.2,39.16 2 7
llmesh/router/internal/hub/hub.go:39.16,41.3 1 2
llmesh/router/internal/hub/hub.go:42.2,42.23 1 5
llmesh/router/internal/hub/hub.go:46.53,49.13 3 7
llmesh/router/internal/hub/hub.go:49.13,51.3 1 2
llmesh/router/internal/hub/hub.go:52.2,54.32 3 5
llmesh/router/internal/hub/hub.go:54.32,56.3 1 0
llmesh/router/internal/hub/hub.go:57.2,57.52 1 5
llmesh/router/internal/hub/hub.go:67.37,68.43 1 7
llmesh/router/internal/hub/hub.go:68.43,69.35 1 47
llmesh/router/internal/hub/hub.go:69.35,71.4 1 5
llmesh/router/internal/hub/hub.go:73.2,73.11 1 2
llmesh/router/internal/hub/hub.go:102.33,104.2 1 20
llmesh/router/internal/hub/hub.go:106.33,108.2 1 4
llmesh/router/internal/hub/hub.go:110.33,112.2 1 4
llmesh/router/internal/hub/hub.go:115.26,116.24 1 14
llmesh/router/internal/hub/hub.go:116.24,116.42 1 12
llmesh/router/internal/hub/hub.go:120.30,123.19 3 12
llmesh/router/internal/hub/hub.go:123.19,126.3 2 12
llmesh/router/internal/hub/hub.go:151.46,152.47 1 17
llmesh/router/internal/hub/hub.go:152.47,154.3 1 2
llmesh/router/internal/hub/hub.go:155.2,155.43 1 15
llmesh/router/internal/hub/hub.go:163.51,164.19 1 12
llmesh/router/internal/hub/hub.go:164.19,166.3 1 0
llmesh/router/internal/hub/hub.go:167.2,167.35 1 12
llmesh/router/internal/hub/hub.go:180.51,181.19 1 16
llmesh/router/internal/hub/hub.go:181.19,183.3 1 5
llmesh/router/internal/hub/hub.go:184.2,184.25 1 11
llmesh/router/internal/hub/hub.go:188.44,189.19 1 0
llmesh/router/internal/hub/hub.go:189.19,191.3 1 0
llmesh/router/internal/hub/hub.go:192.2,192.33 1 0
llmesh/router/internal/hub/hub.go:251.36,259.2 1 31
llmesh/router/internal/hub/hub.go:263.117,265.36 2 12
llmesh/router/internal/hub/hub.go:265.36,269.3 3 0
llmesh/router/internal/hub/hub.go:270.2,271.16 2 12
llmesh/router/internal/hub/hub.go:271.16,274.3 2 0
llmesh/router/internal/hub/hub.go:275.2,308.17 14 12
llmesh/router/internal/hub/hub.go:308.17,310.3 1 12
llmesh/router/internal/hub/hub.go:311.2,318.34 4 12
llmesh/router/internal/hub/hub.go:318.34,320.10 2 0
llmesh/router/internal/hub/hub.go:320.10,321.12 1 0
llmesh/router/internal/hub/hub.go:323.3,327.84 3 0
llmesh/router/internal/hub/hub.go:327.84,332.4 2 0
llmesh/router/internal/hub/hub.go:332.9,337.24 2 0
llmesh/router/internal/hub/hub.go:337.24,343.5 1 0
llmesh/router/internal/hub/hub.go:349.2,356.26 4 12
llmesh/router/internal/hub/hub.go:356.26,358.3 1 1
llmesh/router/internal/hub/hub.go:361.40,364.6 3 12
llmesh/router/internal/hub/hub.go:364.6,366.17 2 21
llmesh/router/internal/hub/hub.go:366.17,368.4 1 12
llmesh/router/internal/hub/hub.go:369.3,369.27 1 9
llmesh/router/internal/hub/hub.go:373.41,375.31 2 12
llmesh/router/internal/hub/hub.go:375.31,376.78 1 3
llmesh/router/internal/hub/hub.go:376.78,380.4 3 1
llmesh/router/internal/hub/hub.go:407.53,409.50 2 11
llmesh/router/internal/hub/hub.go:409.50,412.3 2 0
llmesh/router/internal/hub/hub.go:414.2,414.17 1 11
llmesh/router/internal/hub/hub.go:415.18,427.32 7 7
llmesh/router/internal/hub/hub.go:427.32,429.25 2 8
llmesh/router/internal/hub/hub.go:429.25,431.5 1 0
llmesh/router/internal/hub/hub.go:432.4,432.26 1 8
llmesh/router/internal/hub/hub.go:432.26,434.5 1 0
llmesh/router/internal/hub/hub.go:435.4,435.29 1 8
llmesh/router/internal/hub/hub.go:435.29,437.5 1 1
llmesh/router/internal/hub/hub.go:439.3,443.27 5 7
llmesh/router/internal/hub/hub.go:443.27,445.4 1 1
llmesh/router/internal/hub/hub.go:447.15,457.22 2 2
llmesh/router/internal/hub/hub.go:457.22,461.29 4 2
llmesh/router/internal/hub/hub.go:461.29,463.44 2 2
llmesh/router/internal/hub/hub.go:463.44,465.57 2 2
llmesh/router/internal/hub/hub.go:465.57,471.72 1 2
llmesh/router/internal/hub/hub.go:471.72,473.8 1 1
llmesh/router/internal/hub/hub.go:478.3,478.15 1 2
llmesh/router/internal/hub/hub.go:478.15,479.61 1 1
llmesh/router/internal/hub/hub.go:479.61,482.29 3 1
llmesh/router/internal/hub/hub.go:482.29,484.6 1 0
llmesh/router/internal/hub/hub.go:487.3,487.23 1 2
llmesh/router/internal/hub/hub.go:487.23,489.4 1 0
llmesh/router/internal/hub/hub.go:491.15,498.10 3 0
llmesh/router/internal/hub/hub.go:498.10,504.4 1 0
llmesh/router/internal/hub/hub.go:505.3,506.27 2 0
llmesh/router/internal/hub/hub.go:506.27,508.4 1 0
llmesh/router/internal/hub/hub.go:509.3,513.84 2 0
llmesh/router/internal/hub/hub.go:513.84,520.4 3 0
llmesh/router/internal/hub/hub.go:521.3,521.32 1 0
llmesh/router/internal/hub/hub.go:521.32,524.4 1 0
llmesh/router/internal/hub/hub.go:525.3,525.23 1 0
llmesh/router/internal/hub/hub.go:525.23,527.4 1 0
llmesh/router/internal/hub/hub.go:529.17,531.10 2 2
llmesh/router/internal/hub/hub.go:531.10,533.4 1 1
llmesh/router/internal/hub/hub.go:534.3,545.84 4 1
llmesh/router/internal/hub/hub.go:545.84,547.4 1 1
llmesh/router/internal/hub/hub.go:547.9,547.30 1 0
llmesh/router/internal/hub/hub.go:547.30,553.4 1 0
llmesh/router/internal/hub/hub.go:554.3,554.27 1 1
llmesh/router/internal/hub/hub.go:554.27,556.4 1 0
llmesh/router/internal/hub/hub.go:569.70,571.30 2 5
llmesh/router/internal/hub/hub.go:571.30,573.3 1 3
llmesh/router/internal/hub/hub.go:574.2,574.12 1 5
llmesh/router/internal/hub/hub.go:579.59,583.9 4 1
llmesh/router/internal/hub/hub.go:583.9,585.3 1 0
llmesh/router/internal/hub/hub.go:586.2,587.16 2 1
llmesh/router/internal/hub/hub.go:587.16,589.3 1 0
llmesh/router/internal/hub/hub.go:590.2,592.23 3 1
llmesh/router/internal/hub/hub.go:592.23,594.3 1 0
llmesh/router/internal/hub/hub.go:595.2,595.9 1 1
llmesh/router/internal/hub/hub.go:596.27,597.14 1 1
llmesh/router/internal/hub/hub.go:598.10,600.15 2 0
llmesh/router/internal/hub/hub.go:605.49,609.30 4 0
llmesh/router/internal/hub/hub.go:609.30,610.37 1 0
llmesh/router/internal/hub/hub.go:610.37,611.28 1 0
llmesh/router/internal/hub/hub.go:611.28,613.5 1 0
llmesh/router/internal/hub/hub.go:616.2,616.15 1 0
llmesh/router/internal/hub/hub.go:621.53,625.30 4 0
llmesh/router/internal/hub/hub.go:625.30,626.57 1 0
llmesh/router/internal/hub/hub.go:626.57,627.12 1 0
llmesh/router/internal/hub/hub.go:629.3,630.30 2 0
llmesh/router/internal/hub/hub.go:630.30,632.4 1 0
llmesh/router/internal/hub/hub.go:633.3,634.34 2 0
llmesh/router/internal/hub/hub.go:634.34,636.4 1 0
llmesh/router/internal/hub/hub.go:637.3,638.41 2 0
llmesh/router/internal/hub/hub.go:638.41,640.4 1 0
llmesh/router/internal/hub/hub.go:641.3,642.33 2 0
llmesh/router/internal/hub/hub.go:642.33,644.40 2 0
llmesh/router/internal/hub/hub.go:644.40,646.5 1 0
llmesh/router/internal/hub/hub.go:648.3,657.5 1 0
llmesh/router/internal/hub/hub.go:659.2,659.12 1 0
llmesh/router/internal/hub/hub.go:669.70,679.32 5 5
llmesh/router/internal/hub/hub.go:679.32,681.15 2 20
llmesh/router/internal/hub/hub.go:681.15,684.4 2 15
llmesh/router/internal/hub/hub.go:685.3,685.11 1 20
llmesh/router/internal/hub/hub.go:688.2,688.30 1 5
llmesh/router/internal/hub/hub.go:688.30,689.22 1 15
llmesh/router/internal/hub/hub.go:689.22,690.12 1 0
llmesh/router/internal/hub/hub.go:692.3,693.15 2 15
llmesh/router/internal/hub/hub.go:693.15,695.4 1 0
llmesh/router/internal/hub/hub.go:696.3,696.27 1 15
llmesh/router/internal/hub/hub.go:696.27,698.38 2 20
llmesh/router/internal/hub/hub.go:698.38,700.5 1 12
llmesh/router/internal/hub/hub.go:701.4,701.24 1 20
llmesh/router/internal/hub/hub.go:701.24,706.13 3 3
llmesh/router/internal/hub/hub.go:711.4,712.24 2 17
llmesh/router/internal/hub/hub.go:712.24,713.13 1 4
llmesh/router/internal/hub/hub.go:715.4,717.41 3 13
llmesh/router/internal/hub/hub.go:717.41,718.84 1 1
llmesh/router/internal/hub/hub.go:718.84,720.6 1 1
llmesh/router/internal/hub/hub.go:722.4,723.24 2 13
llmesh/router/internal/hub/hub.go:723.24,725.5 1 0
llmesh/router/internal/hub/hub.go:726.4,726.21 1 13
llmesh/router/internal/hub/hub.go:726.21,728.5 1 13
llmesh/router/internal/hub/hub.go:732.2,733.28 2 5
llmesh/router/internal/hub/hub.go:733.28,740.3 1 15
llmesh/router/internal/hub/hub.go:741.2,741.12 1 5
llmesh/router/internal/hub/hub.go:748.81,752.29 4 0
llmesh/router/internal/hub/hub.go:752.29,753.31 1 0
llmesh/router/internal/hub/hub.go:753.31,754.77 1 0
llmesh/router/internal/hub/hub.go:754.77,756.5 1 0
llmesh/router/internal/hub/hub.go:759.2,760.40 2 0
llmesh/router/internal/hub/hub.go:760.40,762.3 1 0
llmesh/router/internal/hub/hub.go:763.2,763.13 1 0
llmesh/router/internal/hub/hub.go:774.131,775.24 1 4
llmesh/router/internal/hub/hub.go:775.24,777.3 1 1
llmesh/router/internal/hub/hub.go:780.2,780.20 1 3
llmesh/router/internal/hub/hub.go:780.20,782.3 1 1
llmesh/router/internal/hub/hub.go:783.2,785.29 3 2
llmesh/router/internal/hub/hub.go:785.29,786.31 1 2
llmesh/router/internal/hub/hub.go:786.31,787.42 1 4
llmesh/router/internal/hub/hub.go:787.42,788.13 1 2
llmesh/router/internal/hub/hub.go:790.4,791.21 2 2
llmesh/router/internal/hub/hub.go:791.21,793.13 2 1
llmesh/router/internal/hub/hub.go:795.4,795.49 1 1
llmesh/router/internal/hub/hub.go:795.49,797.5 1 0
llmesh/router/internal/hub/hub.go:800.2,801.40 2 2
llmesh/router/internal/hub/hub.go:801.40,803.3 1 0
llmesh/router/internal/hub/hub.go:804.2,804.34 1 2
llmesh/router/internal/hub/hub.go:808.39,812.30 4 0
llmesh/router/internal/hub/hub.go:812.30,813.27 1 0
llmesh/router/internal/hub/hub.go:813.27,815.4 1 0
llmesh/router/internal/hub/hub.go:817.2,818.22 2 0
llmesh/router/internal/hub/hub.go:818.22,820.3 1 0
llmesh/router/internal/hub/hub.go:821.2,821.12 1 0
llmesh/router/internal/hub/hub.go:826.52,832.30 6 0
llmesh/router/internal/hub/hub.go:832.30,833.27 1 0
llmesh/router/internal/hub/hub.go:833.27,834.33 1 0
llmesh/router/internal/hub/hub.go:834.33,837.5 2 0
llmesh/router/internal/hub/hub.go:838.4,838.44 1 0
llmesh/router/internal/hub/hub.go:838.44,840.5 1 0
llmesh/router/internal/hub/hub.go:841.4,841.49 1 0
llmesh/router/internal/hub/hub.go:841.49,843.5 1 0
llmesh/router/internal/hub/hub.go:844.4,844.45 1 0
llmesh/router/internal/hub/hub.go:844.45,845.29 1 0
llmesh/router/internal/hub/hub.go:845.29,847.6 1 0
llmesh/router/internal/hub/hub.go:848.5,848.30 1 0
llmesh/router/internal/hub/hub.go:852.2,853.26 2 0
llmesh/router/internal/hub/hub.go:853.26,855.34 2 0
llmesh/router/internal/hub/hub.go:855.34,857.4 1 0
llmesh/router/internal/hub/hub.go:858.3,859.117 2 0
llmesh/router/internal/hub/hub.go:861.2,861.12 1 0
llmesh/router/internal/hub/hub.go:866.45,870.8 4 4
llmesh/router/internal/hub/hub.go:870.8,872.3 1 4
llmesh/router/internal/hub/hub.go:878.45,882.8 4 1
llmesh/router/internal/hub/hub.go:882.8,884.3 1 1
llmesh/router/internal/hub/hub.go:894.74,898.9 4 5
llmesh/router/internal/hub/hub.go:898.9,900.3 1 0
llmesh/router/internal/hub/hub.go:901.2,915.22 5 5
llmesh/router/internal/hub/hub.go:915.22,917.3 1 2
llmesh/router/internal/hub/hub.go:918.2,918.44 1 5
llmesh/router/internal/hub/hub.go:918.44,920.3 1 5
llmesh/router/internal/hub/hub.go:921.2,922.13 2 5
llmesh/router/internal/hub/hub.go:932.77,935.42 3 3
llmesh/router/internal/hub/hub.go:935.42,938.3 2 1
llmesh/router/internal/hub/hub.go:939.2,942.22 4 2
llmesh/router/internal/hub/hub.go:942.22,944.3 1 1
llmesh/router/internal/hub/hub.go:945.2,945.18 1 2
llmesh/router/internal/hub/hub.go:952.54,954.2 1 0
llmesh/router/internal/hub/hub.go:958.38,959.12 1 48
llmesh/router/internal/hub/hub.go:959.12,961.3 1 0
llmesh/router/internal/hub/hub.go:962.2,962.47 1 48
llmesh/router/internal/hub/hub.go:974.88,975.39 1 15
llmesh/router/internal/hub/hub.go:975.39,977.3 1 1
llmesh/router/internal/hub/hub.go:978.2,996.23 3 14
llmesh/router/internal/hub/hub.go:996.23,998.3 1 9
llmesh/router/internal/hub/hub.go:1000.2,1000.44 1 14
llmesh/router/internal/hub/hub.go:1000.44,1003.38 3 3
llmesh/router/internal/hub/hub.go:1003.38,1005.4 1 3
llmesh/router/internal/hub/hub.go:1006.3,1006.44 1 3
llmesh/router/internal/hub/hub.go:1006.44,1008.4 1 3
llmesh/router/internal/hub/hub.go:1009.8,1009.46 1 11
llmesh/router/internal/hub/hub.go:1009.46,1014.77 1 6
llmesh/router/internal/hub/hub.go:1014.77,1016.4 1 5
llmesh/router/internal/hub/hub.go:1017.3,1017.33 1 6
llmesh/router/internal/hub/hub.go:1017.33,1019.4 1 6
llmesh/router/internal/hub/hub.go:1024.2,1024.22 1 14
llmesh/router/internal/hub/hub.go:1024.22,1025.45 1 3
llmesh/router/internal/hub/hub.go:1025.45,1027.4 1 1
llmesh/router/internal/hub/hub.go:1028.3,1028.43 1 3
llmesh/router/internal/hub/hub.go:1028.43,1030.4 1 1
llmesh/router/internal/hub/hub.go:1032.2,1032.19 1 14
llmesh/router/internal/hub/hub.go:1032.19,1034.3 1 11
llmesh/router/internal/hub/hub.go:1038.74,1043.2 4 0
llmesh/router/internal/hub/hub.go:1046.72,1051.25 5 12
llmesh/router/internal/hub/hub.go:1051.25,1052.32 1 0
llmesh/router/internal/hub/hub.go:1052.32,1054.4 1 0
llmesh/router/internal/hub/hub.go:1056.2,1056.12 1 12
llmesh/router/internal/hub/hub.go:1060.50,1064.29 4 0
llmesh/router/internal/hub/hub.go:1064.29,1066.3 1 0
llmesh/router/internal/hub/hub.go:1067.2,1067.12 1 0
llmesh/router/internal/hub/hub.go:1078.47,1082.13 3 2
llmesh/router/internal/hub/hub.go:1082.13,1085.3 2 1
llmesh/router/internal/hub/hub.go:1086.2,1088.13 2 2
llmesh/router/internal/hub/hub.go:1088.13,1093.9 4 1
llmesh/router/internal/hub/hub.go:1093.9,1095.4 1 1
llmesh/router/internal/hub/hub.go:1096.3,1097.27 2 1
llmesh/router/internal/hub/hub.go:1097.27,1099.4 1 1
llmesh/router/internal/hub/hub.go:1104.2,1106.16 3 2
llmesh/router/internal/hub/hub.go:1106.16,1108.3 1 0
llmesh/router/internal/hub/hub.go:1109.2,1110.30 2 2
llmesh/router/internal/hub/hub.go:1110.30,1112.20 2 2
llmesh/router/internal/hub/hub.go:1112.20,1113.11 1 2
llmesh/router/internal/hub/hub.go:1114.24,1114.24 0 2
llmesh/router/internal/hub/hub.go:1115.12,1115.12 0 0
llmesh/router/internal/hub/hub.go:1118.3,1118.20 1 2
llmesh/router/internal/hub/hub.go:1120.2,1120.16 1 2
llmesh/router/internal/hub/hub.go:1124.46,1127.30 3 3
llmesh/router/internal/hub/hub.go:1127.30,1128.23 1 1
llmesh/router/internal/hub/hub.go:1128.23,1130.4 1 1
llmesh/router/internal/hub/hub.go:1132.2,1132.14 1 2
llmesh/router/internal/hub/hub.go:1136.52,1140.2 3 2
llmesh/router/internal/hub/hub.go:1143.54,1147.30 4 2
llmesh/router/internal/hub/hub.go:1147.30,1148.23 1 2
llmesh/router/internal/hub/hub.go:1148.23,1149.28 1 2
llmesh/router/internal/hub/hub.go:1149.28,1151.5 1 2
llmesh/router/internal/hub/hub.go:1154.2,1154.20 1 2
llmesh/router/internal/hub/hub.go:1154.20,1156.3 1 1
llmesh/router/internal/hub/hub.go:1157.2,1158.22 2 1
llmesh/router/internal/hub/hub.go:1158.22,1160.3 1 2
llmesh/router/internal/hub/hub.go:1161.2,1161.12 1 1
llmesh/router/internal/hub/hub.go:1166.53,1170.30 4 0
llmesh/router/internal/hub/hub.go:1170.30,1171.23 1 0
llmesh/router/internal/hub/hub.go:1171.23,1172.21 1 0
llmesh/router/internal/hub/hub.go:1172.21,1174.5 1 0
llmesh/router/internal/hub/hub.go:1174.10,1174.35 1 0
llmesh/router/internal/hub/hub.go:1174.35,1176.5 1 0
llmesh/router/internal/hub/hub.go:1179.2,1179.16 1 0
llmesh/router/internal/hub/hub.go:1184.53,1187.16 3 0
llmesh/router/internal/hub/hub.go:1187.16,1189.3 1 0
llmesh/router/internal/hub/hub.go:1190.2,1192.30 3 0
llmesh/router/internal/hub/hub.go:1192.30,1193.23 1 0
llmesh/router/internal/hub/hub.go:1193.23,1195.4 1 0
llmesh/router/internal/hub/hub.go:1197.2,1199.28 3 0
llmesh/router/internal/hub/hub.go:1199.28,1201.20 2 0
llmesh/router/internal/hub/hub.go:1201.20,1202.11 1 0
llmesh/router/internal/hub/hub.go:1203.24,1204.11 1 0
llmesh/router/internal/hub/hub.go:1205.12,1206.84 1 0
llmesh/router/internal/hub/hub.go:1209.3,1209.20 1 0
llmesh/router/internal/hub/hub.go:1211.2,1211.13 1 0
llmesh/router/internal/hub/hub.go:1215.42,1218.30 3 1
llmesh/router/internal/hub/hub.go:1218.30,1219.23 1 1
llmesh/router/internal/hub/hub.go:1219.23,1221.4 1 1
llmesh/router/internal/hub/hub.go:1223.2,1224.28 2 1
llmesh/router/internal/hub/hub.go:1224.28,1226.3 1 1
llmesh/router/internal/hub/hub.go:1233.67,1236.30 3 0
llmesh/router/internal/hub/hub.go:1236.30,1237.23 1 0
llmesh/router/internal/hub/hub.go:1237.23,1238.27 1 0
llmesh/router/internal/hub/hub.go:1238.27,1240.5 1 0
llmesh/router/internal/hub/hub.go:1241.4,1241.18 1 0
llmesh/router/internal/hub/hub.go:1241.18,1243.5 1 0
llmesh/router/internal/hub/hub.go:1243.10,1245.5 1 0
llmesh/router/internal/hub/hub.go:1253.67,1257.43 4 0
llmesh/router/internal/hub/hub.go:1257.43,1258.84 1 0
llmesh/router/internal/hub/hub.go:1258.84,1260.4 1 0
llmesh/router/internal/hub/hub.go:1262.2,1262.10 1 0
llmesh/router/internal/hub/hub.go:1267.32,1271.30 4 0
llmesh/router/internal/hub/hub.go:1271.30,1272.22 1 0
llmesh/router/internal/hub/hub.go:1272.22,1274.4 1 0
llmesh/router/internal/hub/hub.go:1276.2,1276.14 1 0
llmesh/router/internal/hub/hub.go:1280.39,1284.2 3 2
llmesh/router/internal/hub/hub.go:1288.81,1291.30 3 0
llmesh/router/internal/hub/hub.go:1291.30,1292.22 1 0
llmesh/router/internal/hub/hub.go:1292.22,1293.12 1 0
llmesh/router/internal/hub/hub.go:1295.3,1295.21 1 0
llmesh/router/internal/hub/hub.go:1295.21,1297.4 1 0
llmesh/router/internal/hub/hub.go:1298.3,1298.22 1 0
llmesh/router/internal/hub/hub.go:1298.22,1300.4 1 0
llmesh/router/internal/hub/hub.go:1301.3,1301.41 1 0
llmesh/router/internal/hub/hub.go:1301.41,1302.24 1 0
llmesh/router/internal/hub/hub.go:1302.24,1304.5 1 0
llmesh/router/internal/hub/hub.go:1307.2,1307.14 1 0
llmesh/router/internal/hub/hub.go:1312.47,1316.29 4 0
llmesh/router/internal/hub/hub.go:1316.29,1317.29 1 0
llmesh/router/internal/hub/hub.go:1317.29,1319.4 1 0
llmesh/router/internal/hub/hub.go:1321.2,1321.10 1 0
llmesh/router/internal/hub/hub.go:1327.37,1332.30 4 2
llmesh/router/internal/hub/hub.go:1332.30,1333.34 1 2
llmesh/router/internal/hub/hub.go:1333.34,1337.4 3 1
llmesh/router/internal/hub/hub.go:1339.2,1341.23 2 2
llmesh/router/internal/hub/hub.go:1341.23,1343.3 1 1
llmesh/router/internal/hub/hub.go:1345.2,1345.30 1 1
llmesh/router/internal/hub/hub.go:1345.30,1357.3 3 1
llmesh/router/internal/hub/hub.go:1359.2,1359.26 1 1
llmesh/router/internal/hub/hub.go:1359.26,1361.3 1 0
llmesh/router/internal/hub/hub.go:1366.34,1367.12 1 0
llmesh/router/internal/hub/hub.go:1367.12,1370.22 3 0
llmesh/router/internal/hub/hub.go:1370.22,1372.4 1 0
llmesh/router/internal/hub/hub.go:1377.55,1381.30 4 0
llmesh/router/internal/hub/hub.go:1381.30,1382.23 1 0
llmesh/router/internal/hub/hub.go:1382.23,1384.4 1 0
llmesh/router/internal/hub/hub.go:1386.2,1386.14 1 0
llmesh/router/internal/hub/hub.go:1404.75,1408.30 4 0
llmesh/router/internal/hub/hub.go:1408.30,1409.23 1 0
llmesh/router/internal/hub/hub.go:1409.23,1411.28 2 0
llmesh/router/internal/hub/hub.go:1411.28,1413.5 1 0
llmesh/router/internal/hub/hub.go:1414.4,1416.35 3 0
llmesh/router/internal/hub/hub.go:1416.35,1418.5 1 0
llmesh/router/internal/hub/hub.go:1419.4,1429.6 1 0
llmesh/router/internal/hub/hub.go:1432.2,1432.12 1 0
llmesh/router/internal/stats/stats.go:32.19,37.2 1 0
llmesh/router/internal/stats/stats.go:39.67,41.9 2 0
llmesh/router/internal/stats/stats.go:41.9,44.3 2 0
llmesh/router/internal/stats/stats.go:45.2,47.41 3 0
llmesh/router/internal/stats/stats.go:51.68,52.17 1 0
llmesh/router/internal/stats/stats.go:52.17,54.3 1 0
llmesh/router/internal/stats/stats.go:55.2,58.16 4 0
llmesh/router/internal/stats/stats.go:58.16,60.3 1 0
llmesh/router/internal/stats/stats.go:63.42,65.22 2 0
llmesh/router/internal/stats/stats.go:65.22,74.3 1 0
llmesh/router/internal/stats/stats.go:75.2,75.12 1 0
llmesh/router/internal/stats/stats.go:79.33,83.2 3 0
llmesh/router/internal/stats/stats.go:86.32,90.2 3 0
llmesh/router/internal/queue/queue.go:19.19,23.2 3 14
llmesh/router/internal/queue/queue.go:26.56,29.2 2 118
llmesh/router/internal/queue/queue.go:35.56,38.15 3 6
llmesh/router/internal/queue/queue.go:38.15,41.3 2 1
llmesh/router/internal/queue/queue.go:42.2,44.12 3 6
llmesh/router/internal/queue/queue.go:48.50,53.2 4 15
llmesh/router/internal/queue/queue.go:57.58,59.50 2 104
llmesh/router/internal/queue/queue.go:59.50,62.3 2 1
llmesh/router/internal/queue/queue.go:63.2,66.13 4 103
llmesh/router/internal/queue/queue.go:70.27,74.2 3 4
llmesh/router/internal/queue/queue.go:79.102,80.24 1 16
llmesh/router/internal/queue/queue.go:80.24,82.3 1 2
llmesh/router/internal/queue/queue.go:83.2,83.23 1 14
llmesh/router/internal/queue/queue.go:83.23,85.3 1 12
llmesh/router/internal/queue/queue.go:86.2,86.44 1 2
llmesh/router/internal/queue/queue.go:86.44,87.21 1 1
llmesh/router/internal/queue/queue.go:87.21,89.4 1 1
llmesh/router/internal/queue/queue.go:91.2,91.14 1 1
llmesh/router/internal/queue/queue.go:98.102,102.2 3 8
llmesh/router/internal/queue/queue.go:104.108,106.30 2 8
llmesh/router/internal/queue/queue.go:106.30,107.39 1 10
llmesh/router/internal/queue/queue.go:107.39,108.12 1 2
llmesh/router/internal/queue/queue.go:110.3,110.20 1 8
llmesh/router/internal/queue/queue.go:110.20,112.12 2 6
llmesh/router/internal/queue/queue.go:114.3,116.78 2 2
llmesh/router/internal/queue/queue.go:116.78,118.4 1 1
llmesh/router/internal/queue/queue.go:120.2,120.19 1 8
llmesh/router/internal/queue/queue.go:120.19,122.3 1 2
llmesh/router/internal/queue/queue.go:123.2,124.13 2 6
llmesh/router/internal/queue/queue.go:138.169,142.30 4 3
llmesh/router/internal/queue/queue.go:142.30,143.39 1 6
llmesh/router/internal/queue/queue.go:143.39,144.12 1 0
llmesh/router/internal/queue/queue.go:146.3,146.46 1 6
llmesh/router/internal/queue/queue.go:146.46,147.12 1 3
llmesh/router/internal/queue/queue.go:149.3,149.20 1 3
llmesh/router/internal/queue/queue.go:149.20,151.12 2 2
llmesh/router/internal/queue/queue.go:153.3,153.58 1 1
llmesh/router/internal/queue/queue.go:153.58,155.4 1 0
llmesh/router/internal/queue/queue.go:157.2,157.19 1 3
llmesh/router/internal/queue/queue.go:157.19,159.3 1 1
llmesh/router/internal/queue/queue.go:160.2,161.12 2 2
llmesh/router/internal/queue/queue.go:166.60,170.9 4 0
llmesh/router/internal/queue/queue.go:170.9,172.3 1 0
llmesh/router/internal/queue/queue.go:173.2,174.13 2 0
llmesh/router/internal/queue/queue.go:179.76,183.2 1 1
llmesh/router/internal/queue/queue.go:186.53,192.2 5 0
llmesh/router/internal/queue/queue.go:197.50,203.24 6 0
llmesh/router/internal/queue/queue.go:203.24,205.3 1 0
llmesh/router/internal/queue/queue.go:206.2,206.12 1 0
llmesh/router/internal/queue/queue.go:210.26,212.2 1 0
llmesh/router/internal/reqopt/reqopt.go:21.73,22.22 1 11
llmesh/router/internal/reqopt/reqopt.go:22.22,24.3 1 3
llmesh/router/internal/reqopt/reqopt.go:25.2,25.25 1 11
llmesh/router/internal/reqopt/reqopt.go:25.25,27.3 1 4
llmesh/router/internal/reqopt/reqopt.go:28.2,29.33 2 7
llmesh/router/internal/reqopt/reqopt.go:29.33,30.42 1 10
llmesh/router/internal/reqopt/reqopt.go:30.42,33.62 2 8
llmesh/router/internal/reqopt/reqopt.go:33.62,34.13 1 2
llmesh/router/internal/reqopt/reqopt.go:36.4,37.18 2 6
llmesh/router/internal/reqopt/reqopt.go:37.18,39.5 1 6
llmesh/router/internal/reqopt/reqopt.go:40.9,40.86 1 2
llmesh/router/internal/reqopt/reqopt.go:40.86,41.12 1 1
llmesh/router/internal/reqopt/reqopt.go:43.3,43.31 1 7
llmesh/router/internal/reqopt/reqopt.go:48.2,48.22 1 7
llmesh/router/internal/reqopt/reqopt.go:48.22,50.3 1 6
llmesh/router/internal/reqopt/reqopt.go:56.47,57.28 1 3
llmesh/router/internal/reqopt/reqopt.go:57.28,58.27 1 2
llmesh/router/internal/reqopt/reqopt.go:58.27,60.4 1 1
llmesh/router/internal/reqopt/reqopt.go:60.9,60.34 1 1
llmesh/router/internal/reqopt/reqopt.go:60.34,62.4 1 1
llmesh/router/internal/reqopt/reqopt.go:64.2,64.21 1 3
llmesh/router/internal/reqopt/reqopt.go:64.21,65.20 1 2
llmesh/router/internal/reqopt/reqopt.go:65.20,67.4 1 1
llmesh/router/internal/reqopt/reqopt.go:67.9,67.27 1 1
llmesh/router/internal/reqopt/reqopt.go:67.27,69.4 1 1
llmesh/router/internal/reqopt/reqopt.go:78.52,79.28 1 7
llmesh/router/internal/reqopt/reqopt.go:79.28,81.3 1 1
llmesh/router/internal/reqopt/reqopt.go:82.2,87.33 4 6
llmesh/router/internal/reqopt/reqopt.go:87.33,92.23 5 8
llmesh/router/internal/reqopt/reqopt.go:92.23,93.9 1 6
llmesh/router/internal/reqopt/reqopt.go:96.2,96.39 1 6
llmesh/router/internal/reqopt/reqopt.go:100.54,101.36 1 10
llmesh/router/internal/reqopt/reqopt.go:101.36,103.3 1 2
llmesh/router/internal/reqopt/reqopt.go:104.2,105.48 2 8
llmesh/router/internal/reqopt/reqopt.go:105.48,107.3 1 0
llmesh/router/internal/reqopt/reqopt.go:108.2,108.16 1 8
llmesh/router/internal/reqopt/reqopt.go:112.47,115.2 2 2
llmesh/router/internal/reqopt/reqopt.go:120.51,122.28 2 8
llmesh/router/internal/reqopt/reqopt.go:122.28,124.3 1 7
llmesh/router/internal/reqopt/reqopt.go:125.2,126.29 2 1
llmesh/router/internal/reqopt/reqopt.go:126.29,128.3 1 2
llmesh/router/internal/reqopt/reqopt.go:129.2,129.34 1 1
llmesh/router/internal/reqopt/reqopt.go:133.38,137.22 4 2
llmesh/router/internal/reqopt/reqopt.go:137.22,138.28 1 24
llmesh/router/internal/reqopt/reqopt.go:138.28,139.18 1 9
llmesh/router/internal/reqopt/reqopt.go:139.18,141.5 1 3
llmesh/router/internal/reqopt/reqopt.go:142.4,143.12 2 9
llmesh/router/internal/reqopt/reqopt.go:145.3,146.17 2 15
llmesh/router/internal/reqopt/reqopt.go:148.2,148.19 1 2
llmesh/shim/config.go:40.47,42.16 2 0
llmesh/shim/config.go:42.16,44.3 1 0
llmesh/shim/config.go:45.2,46.51 2 0
llmesh/shim/config.go:46.51,48.3 1 0
llmesh/shim/config.go:49.2,49.27 1 0
llmesh/shim/config.go:49.27,51.3 1 0
llmesh/shim/config.go:52.2,52.28 1 0
llmesh/shim/config.go:52.28,58.79 3 0
llmesh/shim/config.go:58.79,61.4 1 0
llmesh/shim/config.go:62.3,62.86 1 0
llmesh/shim/config.go:64.2,64.39 1 0
llmesh/shim/config.go:64.39,66.3 1 0
llmesh/shim/config.go:67.2,67.18 1 0
llmesh/shim/config.go:70.35,71.23 1 0
llmesh/shim/config.go:71.23,73.3 1 0
llmesh/shim/config.go:74.2,74.25 1 0
llmesh/shim/config.go:74.25,76.3 1 0
llmesh/shim/config.go:77.2,77.24 1 0
llmesh/shim/config.go:77.24,79.3 1 0
llmesh/shim/config.go:80.2,80.29 1 0
llmesh/shim/config.go:80.29,81.19 1 0
llmesh/shim/config.go:81.19,83.4 1 0
llmesh/shim/config.go:84.3,84.25 1 0
llmesh/shim/config.go:85.15,86.27 1 0
llmesh/shim/config.go:86.27,88.5 1 0
llmesh/shim/config.go:89.4,89.71 1 0
llmesh/shim/config.go:89.71,91.5 1 0
llmesh/shim/config.go:92.4,92.30 1 0
llmesh/shim/config.go:93.30,93.30 0 0
llmesh/shim/config.go:94.18,95.35 1 0
llmesh/shim/config.go:95.35,97.6 1 0
llmesh/shim/config.go:98.12,99.113 1 0
llmesh/shim/config.go:101.18,102.31 1 0
llmesh/shim/config.go:102.31,104.5 1 0
llmesh/shim/config.go:105.11,106.95 1 0
llmesh/shim/config.go:109.2,109.12 1 0
llmesh/shim/config.go:113.58,114.26 1 0
llmesh/shim/config.go:114.26,115.32 1 0
llmesh/shim/config.go:115.32,117.4 1 0
llmesh/shim/config.go:119.2,119.12 1 0
llmesh/shim/cmd/shim/main.go:25.13,28.22 3 0
llmesh/shim/cmd/shim/main.go:28.22,47.3 3 0
llmesh/shim/cmd/shim/main.go:48.2,50.18 2 0
llmesh/shim/cmd/shim/main.go:50.18,53.3 2 0
llmesh/shim/cmd/shim/main.go:55.2,56.16 2 0
llmesh/shim/cmd/shim/main.go:56.16,59.3 2 0
llmesh/shim/cmd/shim/main.go:61.2,65.27 3 0
llmesh/shim/cmd/shim/main.go:65.27,70.13 5 0
llmesh/shim/cmd/shim/main.go:70.13,72.78 2 0
llmesh/shim/cmd/shim/main.go:72.78,74.5 1 0
llmesh/shim/cmd/shim/main.go:78.2,81.27 3 0
llmesh/shim/cmd/shim/main.go:81.27,83.3 1 0
llmesh/shim/cmd/shim/main.go:85.2,87.36 3 0
llmesh/shim/cmd/shim/main.go:90.34,92.16 2 0
llmesh/shim/cmd/shim/main.go:92.16,94.3 1 0
llmesh/shim/cmd/shim/main.go:95.2,95.41 1 0
llmesh/shim/cmd/shim/main.go:98.77,101.6 3 0
llmesh/shim/cmd/shim/main.go:101.6,102.10 1 0
llmesh/shim/cmd/shim/main.go:103.19,104.56 1 0
llmesh/shim/cmd/shim/main.go:105.21,107.10 2 0
llmesh/shim/cmd/shim/main.go:112.60,114.20 2 0
llmesh/shim/cmd/shim/main.go:114.20,116.3 1 0
llmesh/shim/cmd/shim/main.go:117.2,125.3 2 0
llmesh/router/internal/translate/translate.go:34.66,36.49 2 5
llmesh/router/internal/translate/translate.go:36.49,38.3 1 0
llmesh/router/internal/translate/translate.go:39.2,50.31 2 5
llmesh/router/internal/translate/translate.go:50.31,58.3 1 5
llmesh/router/internal/translate/translate.go:59.2,59.17 1 5
llmesh/router/internal/translate/translate.go:64.46,65.44 1 8
llmesh/router/internal/translate/translate.go:65.44,67.3 1 6
llmesh/router/internal/translate/translate.go:68.2,69.50 2 2
llmesh/router/internal/translate/translate.go:69.50,70.16 1 1
llmesh/router/internal/translate/translate.go:70.16,72.4 1 0
llmesh/router/internal/translate/translate.go:73.3,73.23 1 1
llmesh/router/internal/translate/translate.go:75.2,76.51 2 1
llmesh/router/internal/translate/translate.go:76.51,78.3 1 1
llmesh/router/internal/translate/translate.go:79.2,79.12 1 0
llmesh/router/internal/translate/translate.go:101.69,103.49 2 3
llmesh/router/internal/translate/translate.go:103.49,105.3 1 0
llmesh/router/internal/translate/translate.go:106.2,117.53 2 3
llmesh/router/internal/translate/translate.go:117.53,119.3 1 1
llmesh/router/internal/translate/translate.go:120.2,120.31 1 3
llmesh/router/internal/translate/translate.go:120.31,122.3 1 5
llmesh/router/internal/translate/translate.go:123.2,123.17 1 3
llmesh/router/internal/translate/translate.go:134.69,136.49 2 1
llmesh/router/internal/translate/translate.go:136.49,138.3 1 0
llmesh/router/internal/translate/translate.go:139.2,147.59 3 1
llmesh/router/internal/translate/translate.go:147.59,150.3 1 1
llmesh/router/internal/translate/translate.go:150.8,155.56 2 0
llmesh/router/internal/translate/translate.go:155.56,157.4 1 0
llmesh/router/internal/translate/translate.go:158.3,158.26 1 0
llmesh/router/internal/translate/translate.go:158.26,160.4 1 0
llmesh/router/internal/translate/translate.go:162.2,162.17 1 1
llmesh/router/internal/translate/translate.go:167.32,169.16 2 16
llmesh/router/internal/translate/translate.go:169.16,170.58 1 0
llmesh/router/internal/translate/translate.go:172.2,172.10 1 16
llmesh/router/internal/translate/translate.go:176.28,176.56 1 9
llmesh/router/internal/translate/translate.go:192.75,194.44 2 4
llmesh/router/internal/translate/translate.go:194.44,196.3 1 1
llmesh/router/internal/translate/translate.go:197.2,198.35 2 4
llmesh/router/internal/translate/translate.go:198.35,200.3 1 1
llmesh/router/internal/translate/translate.go:201.2,212.24 2 4
llmesh/router/internal/translate/translate.go:212.24,214.3 1 2
llmesh/router/internal/translate/translate.go:215.2,216.29 2 4
llmesh/router/internal/translate/translate.go:223.53,229.27 2 5
llmesh/router/internal/translate/translate.go:229.27,231.3 1 2
llmesh/router/internal/translate/translate.go:232.2,232.10 1 5
llmesh/router/internal/translate/translate.go:237.56,242.27 2 4
llmesh/router/internal/translate/translate.go:242.27,244.3 1 1
llmesh/router/internal/translate/translate.go:245.2,245.31 1 4
llmesh/router/internal/translate/translate.go:245.31,247.3 1 1
llmesh/router/internal/translate/translate.go:248.2,248.10 1 4
llmesh/router/internal/translate/translate.go:252.29,254.2 1 0
llmesh/router/internal/translate/translate.go:259.44,263.2 1 0
llmesh/router/internal/translate/translate.go:266.139,268.24 2 3
llmesh/router/internal/translate/translate.go:268.24,270.3 1 0
llmesh/router/internal/translate/translate.go:271.2,284.18 2 3
llmesh/router/internal/translate/translate.go:284.18,286.3 1 3
llmesh/router/internal/translate/translate.go:287.2,287.13 1 3
llmesh/router/internal/translate/translate.go:293.54,294.22 1 7
llmesh/router/internal/translate/translate.go:295.16,296.22 1 1
llmesh/router/internal/translate/translate.go:297.20,298.20 1 1
llmesh/router/internal/translate/translate.go:299.36,300.20 1 5
llmesh/router/internal/translate/translate.go:301.10,302.20 1 0
llmesh/router/internal/translate/translate.go:316.59,317.19 1 7
llmesh/router/internal/translate/translate.go:317.19,319.3 1 6
llmesh/router/internal/translate/translate.go:320.2,327.50 2 1
llmesh/router/internal/translate/translate.go:327.50,329.3 1 0
llmesh/router/internal/translate/translate.go:330.2,331.24 2 1
llmesh/router/internal/translate/translate.go:331.24,333.3 1 1
llmesh/router/internal/translate/translate.go:334.2,334.12 1 1
llmesh/router/internal/translate/translate.go:353.71,355.2 1 3
llmesh/router/internal/translate/translate.go:357.48,359.2 1 16
llmesh/router/internal/translate/translate.go:362.46,363.15 1 6
llmesh/router/internal/translate/translate.go:363.15,365.3 1 3
llmesh/router/internal/translate/translate.go:366.2,379.5 2 3
llmesh/router/internal/translate/translate.go:384.66,387.35 3 3
llmesh/router/internal/translate/translate.go:387.35,389.3 1 1
llmesh/router/internal/translate/translate.go:390.2,390.23 1 3
llmesh/router/internal/translate/translate.go:390.23,392.3 1 1
llmesh/router/internal/translate/translate.go:393.2,393.17 1 2
llmesh/router/internal/translate/translate.go:393.17,400.3 2 1
llmesh/router/internal/translate/translate.go:401.2,406.12 2 2
llmesh/router/internal/translate/translate.go:412.88,415.16 3 3
llmesh/router/internal/translate/translate.go:415.16,421.3 3 1
llmesh/router/internal/translate/translate.go:422.2,423.53 2 3
llmesh/router/internal/translate/translate.go:423.53,430.20 3 1
llmesh/router/internal/translate/translate.go:430.20,436.4 1 1
llmesh/router/internal/translate/translate.go:437.3,440.12 2 1
llmesh/router/internal/translate/translate.go:442.2,446.18 2 3
llmesh/router/internal/translate/translate.go:446.18,452.32 2 2
llmesh/router/internal/translate/translate.go:452.32,454.4 1 0
llmesh/router/internal/translate/translate.go:455.3,455.36 1 2
llmesh/router/internal/translate/translate.go:455.36,457.4 1 0
llmesh/router/internal/translate/translate.go:458.3,458.28 1 2
llmesh/router/internal/translate/translate.go:460.2,462.12 3 3
llmesh/router/internal/translate/translate.go:467.49,472.2 1 0
llmesh/router/internal/translate/translate.go:476.142,478.19 2 4
llmesh/router/internal/translate/translate.go:478.19,480.3 1 4
llmesh/router/internal/translate/translate.go:481.2,482.53 2 4
llmesh/router/internal/translate/translate.go:482.53,485.20 3 0
llmesh/router/internal/translate/translate.go:485.20,487.4 1 0
llmesh/router/internal/translate/translate.go:488.3,493.5 1 0
llmesh/router/internal/translate/translate.go:495.2,504.18 2 4
llmesh/router/internal/translate/translate.go:504.18,506.3 1 4
llmesh/router/internal/translate/translate.go:507.2,507.13 1 4
llmesh/router/internal/translate/translate.go:511.77,517.2 2 0
llmesh/router/internal/translate/translate.go:520.38,522.2 1 0
llmesh/router/internal/translate/translate.go:525.53,530.2 1 0
llmesh/router/internal/translate/translate.go:533.107,550.18 2 2
llmesh/router/internal/translate/translate.go:550.18,556.32 2 2
llmesh/router/internal/translate/translate.go:556.32,558.4 1 1
llmesh/router/internal/translate/translate.go:559.3,559.20 1 2
llmesh/router/internal/translate/translate.go:561.2,561.13 1 2
llmesh/shim/internal/stats/stats.go:20.19,22.2 1 0
llmesh/shim/internal/stats/stats.go:26.25,27.63 1 0
llmesh/shim/internal/stats/stats.go:27.63,27.93 1 0
llmesh/shim/internal/stats/stats.go:28.2,28.61 1 0
llmesh/shim/internal/stats/stats.go:28.61,28.90 1 0
llmesh/shim/internal/stats/stats.go:29.2,29.63 1 0
llmesh/shim/internal/stats/stats.go:29.63,29.94 1 0
llmesh/shim/internal/stats/stats.go:30.2,30.58 1 0
llmesh/shim/internal/stats/stats.go:30.58,30.89 1 0
llmesh/shim/internal/stats/stats.go:31.2,31.62 1 0
llmesh/shim/internal/stats/stats.go:31.62,31.92 1 0
llmesh/shim/internal/stats/stats.go:34.38,34.67 1 0
llmesh/shim/internal/stats/stats.go:35.38,35.62 1 0
llmesh/shim/internal/stats/stats.go:38.34,38.57 1 0
llmesh/shim/internal/stats/stats.go:39.34,39.57 1 0
llmesh/shim/internal/stats/stats.go:40.34,40.58 1 0
llmesh/shim/internal/stats/stats.go:41.34,41.56 1 0
llmesh/shim/internal/stats/stats.go:42.34,42.58 1 0
llmesh/shim/internal/worker/worker.go:24.117,28.12 3 0
llmesh/shim/internal/worker/worker.go:28.12,31.7 3 0
llmesh/shim/internal/worker/worker.go:31.7,32.11 1 0
llmesh/shim/internal/worker/worker.go:33.20,34.63 1 0
llmesh/shim/internal/worker/worker.go:35.25,36.11 1 0
llmesh/shim/internal/worker/worker.go:37.22,38.11 1 0
llmesh/shim/internal/worker/worker.go:42.2,44.16 2 0
llmesh/shim/internal/worker/worker.go:44.16,46.3 1 0
llmesh/shim/internal/worker/worker.go:47.2,47.46 1 0
llmesh/shim/internal/worker/worker.go:50.133,52.16 2 0
llmesh/shim/internal/worker/worker.go:52.16,53.23 1 0
llmesh/shim/internal/worker/worker.go:53.23,55.4 1 0
llmesh/shim/internal/worker/worker.go:56.3,58.13 3 0
llmesh/shim/internal/worker/worker.go:60.2,68.12 2 0
llmesh/shim/internal/worker/worker.go:71.134,73.145 2 0
llmesh/shim/internal/worker/worker.go:73.145,74.32 1 0
llmesh/shim/internal/worker/worker.go:74.32,76.4 1 0
llmesh/shim/internal/worker/worker.go:77.3,77.19 1 0
llmesh/shim/internal/worker/worker.go:77.19,79.4 1 0
llmesh/shim/internal/worker/worker.go:80.3,89.45 2 0
llmesh/shim/internal/worker/worker.go:89.45,90.24 1 0
llmesh/shim/internal/worker/worker.go:90.24,92.5 1 0
llmesh/shim/internal/worker/worker.go:95.2,95.16 1 0
llmesh/shim/internal/worker/worker.go:95.16,96.23 1 0
llmesh/shim/internal/worker/worker.go:96.23,98.4 1 0
llmesh/shim/internal/worker/worker.go:99.3,101.13 3 0
llmesh/shim/internal/worker/worker.go:103.2,103.12 1 0
llmesh/shim/internal/ws/conn.go:29.70,34.2 4 0
llmesh/shim/internal/ws/conn.go:37.41,39.2 1 0
llmesh/shim/internal/ws/conn.go:46.80,48.33 2 0
llmesh/shim/internal/ws/conn.go:48.33,50.3 1 0
llmesh/shim/internal/ws/conn.go:51.2,51.18 1 0
llmesh/shim/internal/ws/conn.go:62.78,63.48 1 0
llmesh/shim/internal/ws/conn.go:63.48,71.3 3 0
llmesh/shim/internal/ws/conn.go:72.2,72.13 1 0
llmesh/shim/internal/ws/conn.go:75.105,77.15 2 0
llmesh/shim/internal/ws/conn.go:77.15,79.3 1 0
llmesh/shim/internal/ws/conn.go:80.2,80.65 1 0
llmesh/shim/internal/ws/conn.go:84.63,94.2 1 0
llmesh/shim/internal/backend/backend.go:29.13,32.2 2 1
llmesh/shim/internal/backend/backend.go:35.32,35.49 1 0
llmesh/shim/internal/backend/backend.go:37.28,37.50 1 0
llmesh/shim/internal/backend/backend.go:81.98,82.19 1 0
llmesh/shim/internal/backend/backend.go:83.14,84.38 1 0
llmesh/shim/internal/backend/backend.go:85.17,86.41 1 0
llmesh/shim/internal/backend/backend.go:87.10,88.74 1 0
llmesh/shim/internal/backend/backend.go:94.98,95.19 1 0
llmesh/shim/internal/backend/backend.go:96.14,97.43 1 0
llmesh/shim/internal/backend/backend.go:98.17,99.46 1 0
llmesh/shim/internal/backend/backend.go:100.10,101.59 1 0
llmesh/shim/internal/backend/backend.go:107.105,112.16 4 0
llmesh/shim/internal/backend/backend.go:112.16,114.3 1 0
llmesh/shim/internal/backend/backend.go:116.2,123.16 6 0
llmesh/shim/internal/backend/backend.go:123.16,125.3 1 0
llmesh/shim/internal/backend/backend.go:126.2,126.36 1 0
llmesh/shim/internal/backend/backend.go:126.36,128.3 1 0
llmesh/shim/internal/backend/backend.go:130.2,134.59 4 0
llmesh/shim/internal/backend/backend.go:134.59,136.3 1 0
llmesh/shim/internal/backend/backend.go:137.2,137.40 1 0
llmesh/shim/internal/backend/backend.go:137.40,139.3 1 0
llmesh/shim/internal/backend/backend.go:140.2,140.20 1 0
llmesh/shim/internal/backend/backend.go:140.20,142.3 1 0
llmesh/shim/internal/backend/backend.go:144.2,145.68 2 0
llmesh/shim/internal/backend/backend.go:145.68,147.3 1 0
llmesh/shim/internal/backend/backend.go:148.2,149.14 2 0
llmesh/shim/internal/backend/backend.go:149.14,151.3 1 0
llmesh/shim/internal/backend/backend.go:152.2,153.13 2 0
llmesh/shim/internal/backend/backend.go:153.13,155.3 1 0
llmesh/shim/internal/backend/backend.go:156.2,156.82 1 0
llmesh/shim/internal/backend/backend.go:159.105,164.16 4 0
llmesh/shim/internal/backend/backend.go:164.16,166.3 1 0
llmesh/shim/internal/backend/backend.go:168.2,175.16 6 0
llmesh/shim/internal/backend/backend.go:175.16,177.3 1 0
llmesh/shim/internal/backend/backend.go:178.2,178.36 1 0
llmesh/shim/internal/backend/backend.go:178.36,180.3 1 0
llmesh/shim/internal/backend/backend.go:182.2,187.21 5 0
llmesh/shim/internal/backend/backend.go:187.21,189.17 2 0
llmesh/shim/internal/backend/backend.go:189.17,190.12 1 0
llmesh/shim/internal/backend/backend.go:192.3,193.62 2 0
llmesh/shim/internal/backend/backend.go:193.62,195.12 2 0
llmesh/shim/internal/backend/backend.go:197.3,197.31 1 0
llmesh/shim/internal/backend/backend.go:197.31,199.4 1 0
llmesh/shim/internal/backend/backend.go:200.3,201.17 2 0
llmesh/shim/internal/backend/backend.go:201.17,203.9 2 0
llmesh/shim/internal/backend/backend.go:207.2,210.59 3 0
llmesh/shim/internal/backend/backend.go:210.59,212.3 1 0
llmesh/shim/internal/backend/backend.go:213.2,213.40 1 0
llmesh/shim/internal/backend/backend.go:213.40,216.19 1 0
llmesh/shim/internal/backend/backend.go:216.19,218.4 1 0
llmesh/shim/internal/backend/backend.go:219.3,219.89 1 0
llmesh/shim/internal/backend/backend.go:221.2,221.18 1 0
llmesh/shim/internal/backend/backend.go:221.18,222.39 1 0
llmesh/shim/internal/backend/backend.go:222.39,224.4 1 0
llmesh/shim/internal/backend/backend.go:225.3,225.65 1 0
llmesh/shim/internal/backend/backend.go:227.2,227.12 1 0
llmesh/shim/internal/backend/http.go:21.102,22.46 1 0
llmesh/shim/internal/backend/http.go:22.46,24.3 1 0
llmesh/shim/internal/backend/http.go:25.2,32.21 6 0
llmesh/shim/internal/backend/http.go:33.19,35.47 2 0
llmesh/shim/internal/backend/http.go:36.10,38.55 2 0
llmesh/shim/internal/backend/http.go:40.2,40.16 1 0
llmesh/shim/internal/backend/http.go:40.16,42.3 1 0
llmesh/shim/internal/backend/http.go:44.2,45.16 2 0
llmesh/shim/internal/backend/http.go:45.16,47.3 1 0
llmesh/shim/internal/backend/http.go:48.2,52.16 4 0
llmesh/shim/internal/backend/http.go:52.16,54.3 1 0
llmesh/shim/internal/backend/http.go:55.2,58.16 3 0
llmesh/shim/internal/backend/http.go:58.16,60.3 1 0
llmesh/shim/internal/backend/http.go:61.2,61.28 1 0
llmesh/shim/internal/backend/http.go:61.28,63.3 1 0
llmesh/shim/internal/backend/http.go:65.2,65.21 1 0
llmesh/shim/internal/backend/http.go:66.19,67.34 1 0
llmesh/shim/internal/backend/http.go:68.10,69.31 1 0
llmesh/shim/internal/backend/http.go:73.102,74.46 1 0
llmesh/shim/internal/backend/http.go:74.46,76.3 1 0
llmesh/shim/internal/backend/http.go:77.2,84.21 6 0
llmesh/shim/internal/backend/http.go:85.19,87.47 2 0
llmesh/shim/internal/backend/http.go:88.10,90.55 2 0
llmesh/shim/internal/backend/http.go:92.2,92.16 1 0
llmesh/shim/internal/backend/http.go:92.16,94.3 1 0
llmesh/shim/internal/backend/http.go:96.2,97.16 2 0
llmesh/shim/internal/backend/http.go:97.16,99.3 1 0
llmesh/shim/internal/backend/http.go:100.2,105.16 5 0
llmesh/shim/internal/backend/http.go:105.16,107.3 1 0
llmesh/shim/internal/backend/http.go:108.2,110.28 2 0
llmesh/shim/internal/backend/http.go:110.28,113.3 2 0
llmesh/shim/internal/backend/http.go:115.2,115.21 1 0
llmesh/shim/internal/backend/http.go:116.19,117.44 1 0
llmesh/shim/internal/backend/http.go:118.10,119.41 1 0
llmesh/shim/internal/backend/http.go:134.80,136.33 2 0
llmesh/shim/internal/backend/http.go:136.33,144.3 1 0
llmesh/shim/internal/backend/http.go:145.2,150.12 2 0
llmesh/shim/internal/backend/http.go:150.12,152.3 1 0
llmesh/shim/internal/backend/http.go:153.2,153.23 1 0
llmesh/shim/internal/backend/http.go:153.23,155.3 1 0
llmesh/shim/internal/backend/http.go:156.2,156.28 1 0
llmesh/shim/internal/backend/http.go:156.28,158.3 1 0
llmesh/shim/internal/backend/http.go:159.2,159.21 1 0
llmesh/shim/internal/backend/http.go:159.21,161.3 1 0
llmesh/shim/internal/backend/http.go:162.2,162.23 1 0
llmesh/shim/internal/backend/http.go:162.23,164.3 1 0
llmesh/shim/internal/backend/http.go:165.2,165.24 1 0
llmesh/shim/internal/backend/http.go:165.24,167.3 1 0
llmesh/shim/internal/backend/http.go:168.2,168.29 1 0
llmesh/shim/internal/backend/http.go:168.29,170.3 1 0
llmesh/shim/internal/backend/http.go:171.2,171.27 1 0
llmesh/shim/internal/backend/http.go:180.83,183.33 3 0
llmesh/shim/internal/backend/http.go:183.33,184.25 1 0
llmesh/shim/internal/backend/http.go:184.25,186.12 2 0
llmesh/shim/internal/backend/http.go:188.3,188.74 1 0
llmesh/shim/internal/backend/http.go:191.2,192.20 2 0
llmesh/shim/internal/backend/http.go:192.20,194.3 1 0
llmesh/shim/internal/backend/http.go:196.2,202.28 2 0
llmesh/shim/internal/backend/http.go:202.28,204.3 1 0
llmesh/shim/internal/backend/http.go:205.2,205.28 1 0
llmesh/shim/internal/backend/http.go:205.28,207.3 1 0
llmesh/shim/internal/backend/http.go:208.2,208.21 1 0
llmesh/shim/internal/backend/http.go:208.21,210.3 1 0
llmesh/shim/internal/backend/http.go:211.2,211.23 1 0
llmesh/shim/internal/backend/http.go:211.23,213.3 1 0
llmesh/shim/internal/backend/http.go:214.2,214.24 1 0
llmesh/shim/internal/backend/http.go:214.24,216.3 1 0
llmesh/shim/internal/backend/http.go:217.2,217.29 1 0
llmesh/shim/internal/backend/http.go:217.29,219.3 1 0
llmesh/shim/internal/backend/http.go:220.2,220.27 1 0
llmesh/shim/internal/backend/http.go:225.56,235.48 2 0
llmesh/shim/internal/backend/http.go:235.48,237.3 1 0
llmesh/shim/internal/backend/http.go:238.2,238.25 1 0
llmesh/shim/internal/backend/http.go:238.25,240.3 1 0
llmesh/shim/internal/backend/http.go:241.2,242.14 2 0
llmesh/shim/internal/backend/http.go:242.14,244.3 1 0
llmesh/shim/internal/backend/http.go:245.2,249.8 1 0
llmesh/shim/internal/backend/http.go:252.59,263.48 2 1
llmesh/shim/internal/backend/http.go:263.48,265.3 1 0
llmesh/shim/internal/backend/http.go:266.2,268.30 3 1
llmesh/shim/internal/backend/http.go:268.30,269.17 1 2
llmesh/shim/internal/backend/http.go:270.19,272.24 2 1
llmesh/shim/internal/backend/http.go:272.24,274.5 1 1
llmesh/shim/internal/backend/http.go:275.4,275.76 1 1
llmesh/shim/internal/backend/http.go:276.11,277.33 1 1
llmesh/shim/internal/backend/http.go:280.2,281.14 2 1
llmesh/shim/internal/backend/http.go:281.14,283.3 1 0
llmesh/shim/internal/backend/http.go:284.2,285.20 2 1
llmesh/shim/internal/backend/http.go:285.20,287.3 1 1
llmesh/shim/internal/backend/http.go:288.2,288.98 1 1
llmesh/shim/internal/backend/http.go:303.78,311.2 7 1
llmesh/shim/internal/backend/http.go:313.59,321.21 7 3
llmesh/shim/internal/backend/http.go:321.21,323.41 2 8
llmesh/shim/internal/backend/http.go:323.41,324.12 1 0
llmesh/shim/internal/backend/http.go:326.3,327.23 2 8
llmesh/shim/internal/backend/http.go:327.23,333.9 3 2
llmesh/shim/internal/backend/http.go:335.3,349.62 2 6
llmesh/shim/internal/backend/http.go:349.62,350.12 1 0
llmesh/shim/internal/backend/http.go:352.3,352.25 1 6
llmesh/shim/internal/backend/http.go:352.25,358.4 1 1
llmesh/shim/internal/backend/http.go:359.3,359.30 1 6
llmesh/shim/internal/backend/http.go:359.30,360.12 1 1
llmesh/shim/internal/backend/http.go:362.3,362.66 1 5
llmesh/shim/internal/backend/http.go:362.66,365.4 2 2
llmesh/shim/internal/backend/http.go:366.3,368.40 3 5
llmesh/shim/internal/backend/http.go:368.40,370.4 1 3
llmesh/shim/internal/backend/http.go:372.2,372.38 1 3
llmesh/shim/internal/backend/http.go:372.38,374.3 1 0
llmesh/shim/internal/backend/http.go:375.2,375.18 1 3
llmesh/shim/internal/backend/http.go:375.18,379.17 1 1
llmesh/shim/internal/backend/http.go:379.17,381.4 1 1
llmesh/shim/internal/backend/http.go:382.3,382.41 1 0
llmesh/shim/internal/backend/http.go:384.2,384.12 1 2
llmesh/shim/internal/backend/http.go:387.62,401.21 10 1
llmesh/shim/internal/backend/http.go:401.21,403.41 2 2
llmesh/shim/internal/backend/http.go:403.41,404.12 1 0
llmesh/shim/internal/backend/http.go:406.3,429.59 3 2
llmesh/shim/internal/backend/http.go:429.59,430.12 1 0
llmesh/shim/internal/backend/http.go:432.3,432.18 1 2
llmesh/shim/internal/backend/http.go:433.24,434.52 1 1
llmesh/shim/internal/backend/http.go:434.52,436.5 1 1
llmesh/shim/internal/backend/http.go:437.30,438.68 1 0
llmesh/shim/internal/backend/http.go:438.68,443.5 4 0
llmesh/shim/internal/backend/http.go:444.30,445.23 1 1
llmesh/shim/internal/backend/http.go:445.23,446.13 1 0
llmesh/shim/internal/backend/http.go:448.4,448.25 1 1
llmesh/shim/internal/backend/http.go:449.28,450.37 1 0
llmesh/shim/internal/backend/http.go:451.12,452.53 1 1
llmesh/shim/internal/backend/http.go:454.29,455.16 1 0
llmesh/shim/internal/backend/http.go:455.16,457.19 2 0
llmesh/shim/internal/backend/http.go:457.19,459.6 1 0
llmesh/shim/internal/backend/http.go:460.5,463.21 4 0
llmesh/shim/internal/backend/http.go:465.24,466.52 1 0
llmesh/shim/internal/backend/http.go:466.52,468.5 1 0
llmesh/shim/internal/backend/http.go:469.4,469.52 1 0
llmesh/shim/internal/backend/http.go:469.52,476.5 2 0
llmesh/shim/internal/backend/http.go:477.23,479.22 2 0
llmesh/shim/internal/backend/http.go:482.2,482.38 1 1
llmesh/shim/internal/backend/http.go:482.38,484.3 1 0
llmesh/shim/internal/backend/http.go:485.2,485.18 1 1
llmesh/shim/internal/backend/http.go:485.18,487.3 1 1
llmesh/shim/internal/backend/http.go:488.2,488.12 1 0
llmesh/shim/internal/backend/http.go:493.47,494.23 1 0
llmesh/shim/internal/backend/http.go:495.16,496.60 1 0
llmesh/shim/internal/backend/http.go:497.16,498.50 1 0
llmesh/shim/internal/backend/http.go:502.39,504.16 2 0
llmesh/shim/internal/backend/http.go:504.16,506.3 1 0
llmesh/shim/internal/backend/http.go:507.2,507.47 1 0
llmesh/shim/internal/backend/http.go:507.47,509.3 1 0
llmesh/shim/internal/backend/http.go:510.2,510.12 1 0
llmesh/shim/internal/backend/http.go:513.40,515.35 2 2
llmesh/shim/internal/backend/http.go:515.35,517.3 1 0
llmesh/shim/internal/backend/http.go:520.2,520.71 1 2
llmesh/shim/internal/backend/http.go:520.71,522.3 1 1
llmesh/shim/internal/backend/http.go:523.2,523.20 1 1
llmesh/shim/internal/backend/http.go:526.39,527.17 1 0
llmesh/shim/internal/backend/http.go:527.17,529.3 1 0
llmesh/shim/internal/backend/http.go:530.2,530.22 1 0
llmesh/router/internal/scheduler/scheduler.go:97.95,108.2 2 20
llmesh/router/internal/scheduler/scheduler.go:112.51,112.65 1 0
llmesh/router/internal/scheduler/scheduler.go:116.63,116.76 1 5
llmesh/router/internal/scheduler/scheduler.go:123.93,124.29 1 14
llmesh/router/internal/scheduler/scheduler.go:124.29,126.3 1 5
llmesh/router/internal/scheduler/scheduler.go:127.2,127.32 1 9
llmesh/router/internal/scheduler/scheduler.go:127.32,129.3 1 4
llmesh/router/internal/scheduler/scheduler.go:130.2,130.38 1 5
llmesh/router/internal/scheduler/scheduler.go:130.38,132.3 1 3
llmesh/router/internal/scheduler/scheduler.go:133.2,133.13 1 2
llmesh/router/internal/scheduler/scheduler.go:137.28,138.9 1 0
llmesh/router/internal/scheduler/scheduler.go:139.30,139.30 0 0
llmesh/router/internal/scheduler/scheduler.go:140.10,140.10 0 0
llmesh/router/internal/scheduler/scheduler.go:145.29,146.19 1 0
llmesh/router/internal/scheduler/scheduler.go:146.19,148.3 1 0
llmesh/router/internal/scheduler/scheduler.go:152.28,153.23 1 0
llmesh/router/internal/scheduler/scheduler.go:153.23,153.42 1 0
llmesh/router/internal/scheduler/scheduler.go:156.28,157.6 1 0
llmesh/router/internal/scheduler/scheduler.go:157.6,158.10 1 0
llmesh/router/internal/scheduler/scheduler.go:159.19,160.10 1 0
llmesh/router/internal/scheduler/scheduler.go:161.19,162.18 1 0
llmesh/router/internal/scheduler/scheduler.go:173.34,178.19 4 22
llmesh/router/internal/scheduler/scheduler.go:178.19,180.3 1 0
llmesh/router/internal/scheduler/scheduler.go:185.2,186.18 2 22
llmesh/router/internal/scheduler/scheduler.go:186.18,188.3 1 5
llmesh/router/internal/scheduler/scheduler.go:193.2,194.59 2 22
llmesh/router/internal/scheduler/scheduler.go:194.59,195.27 1 0
llmesh/router/internal/scheduler/scheduler.go:195.27,197.4 1 0
llmesh/router/internal/scheduler/scheduler.go:198.3,198.36 1 0
llmesh/router/internal/scheduler/scheduler.go:198.36,200.4 1 0
llmesh/router/internal/scheduler/scheduler.go:201.3,203.12 3 0
llmesh/router/internal/scheduler/scheduler.go:205.2,205.25 1 22
llmesh/router/internal/scheduler/scheduler.go:205.25,208.3 2 0
llmesh/router/internal/scheduler/scheduler.go:216.2,217.23 2 22
llmesh/router/internal/scheduler/scheduler.go:217.23,219.3 1 0
llmesh/router/internal/scheduler/scheduler.go:223.2,224.28 2 22
llmesh/router/internal/scheduler/scheduler.go:224.28,226.3 1 24
llmesh/router/internal/scheduler/scheduler.go:230.2,231.59 2 22
llmesh/router/internal/scheduler/scheduler.go:231.59,233.15 2 5
llmesh/router/internal/scheduler/scheduler.go:233.15,236.4 2 5
llmesh/router/internal/scheduler/scheduler.go:237.3,237.28 1 5
llmesh/router/internal/scheduler/scheduler.go:237.28,239.4 1 0
llmesh/router/internal/scheduler/scheduler.go:240.3,242.11 3 5
llmesh/router/internal/scheduler/scheduler.go:245.2,245.6 1 22
llmesh/router/internal/scheduler/scheduler.go:245.6,247.29 2 40
llmesh/router/internal/scheduler/scheduler.go:247.29,248.41 1 47
llmesh/router/internal/scheduler/scheduler.go:248.41,249.13 1 3
llmesh/router/internal/scheduler/scheduler.go:254.4,255.23 2 44
llmesh/router/internal/scheduler/scheduler.go:255.23,257.43 2 8
llmesh/router/internal/scheduler/scheduler.go:257.43,259.6 1 7
llmesh/router/internal/scheduler/scheduler.go:261.4,262.18 2 44
llmesh/router/internal/scheduler/scheduler.go:262.18,263.13 1 17
llmesh/router/internal/scheduler/scheduler.go:267.4,269.28 2 27
llmesh/router/internal/scheduler/scheduler.go:269.28,287.27 2 7
llmesh/router/internal/scheduler/scheduler.go:287.27,289.6 1 2
llmesh/router/internal/scheduler/scheduler.go:290.5,293.25 4 7
llmesh/router/internal/scheduler/scheduler.go:293.25,297.14 2 2
llmesh/router/internal/scheduler/scheduler.go:299.5,299.67 1 5
llmesh/router/internal/scheduler/scheduler.go:299.67,303.14 2 1
llmesh/router/internal/scheduler/scheduler.go:307.4,307.25 1 24
llmesh/router/internal/scheduler/scheduler.go:307.25,308.62 1 0
llmesh/router/internal/scheduler/scheduler.go:308.62,309.88 1 0
llmesh/router/internal/scheduler/scheduler.go:309.88,313.15 2 0
llmesh/router/internal/scheduler/scheduler.go:321.4,321.31 1 24
llmesh/router/internal/scheduler/scheduler.go:321.31,322.81 1 3
llmesh/router/internal/scheduler/scheduler.go:322.81,326.14 2 1
llmesh/router/internal/scheduler/scheduler.go:331.4,336.27 4 23
llmesh/router/internal/scheduler/scheduler.go:336.27,337.42 1 0
llmesh/router/internal/scheduler/scheduler.go:337.42,338.60 1 0
llmesh/router/internal/scheduler/scheduler.go:338.60,340.7 1 0
llmesh/router/internal/scheduler/scheduler.go:343.4,344.50 2 23
llmesh/router/internal/scheduler/scheduler.go:344.50,346.5 1 22
llmesh/router/internal/scheduler/scheduler.go:348.3,348.18 1 40
llmesh/router/internal/scheduler/scheduler.go:348.18,350.4 1 21
llmesh/router/internal/scheduler/scheduler.go:352.3,353.17 2 19
llmesh/router/internal/scheduler/scheduler.go:353.17,357.12 2 0
llmesh/router/internal/scheduler/scheduler.go:364.3,364.31 1 19
llmesh/router/internal/scheduler/scheduler.go:364.31,366.4 1 19
llmesh/router/internal/scheduler/scheduler.go:367.3,372.17 3 19
llmesh/router/internal/scheduler/scheduler.go:372.17,373.39 1 4
llmesh/router/internal/scheduler/scheduler.go:373.39,375.5 1 0
llmesh/router/internal/scheduler/scheduler.go:376.4,376.57 1 4
llmesh/router/internal/scheduler/scheduler.go:376.57,378.5 1 0
llmesh/router/internal/scheduler/scheduler.go:389.3,390.44 2 19
llmesh/router/internal/scheduler/scheduler.go:390.44,395.4 4 0
llmesh/router/internal/scheduler/scheduler.go:396.3,397.47 2 19
llmesh/router/internal/scheduler/scheduler.go:397.47,405.4 5 1
llmesh/router/internal/scheduler/scheduler.go:411.3,411.26 1 18
llmesh/router/internal/scheduler/scheduler.go:411.26,412.44 1 0
llmesh/router/internal/scheduler/scheduler.go:412.44,413.85 1 0
llmesh/router/internal/scheduler/scheduler.go:413.85,415.6 1 0
llmesh/router/internal/scheduler/scheduler.go:420.3,421.17 2 18
llmesh/router/internal/scheduler/scheduler.go:421.17,423.4 1 4
llmesh/router/internal/scheduler/scheduler.go:425.3,425.191 1 18
llmesh/router/internal/scheduler/scheduler.go:439.44,440.46 1 9
llmesh/router/internal/scheduler/scheduler.go:440.46,442.3 1 4
llmesh/router/internal/scheduler/scheduler.go:443.2,443.30 1 5
llmesh/router/internal/scheduler/scheduler.go:443.30,445.3 1 1
llmesh/router/internal/scheduler/scheduler.go:446.2,446.53 1 4
llmesh/router/internal/scheduler/scheduler.go:451.43,453.32 2 0
llmesh/router/internal/scheduler/scheduler.go:453.32,454.26 1 0
llmesh/router/internal/scheduler/scheduler.go:454.26,456.4 1 0
llmesh/router/internal/scheduler/scheduler.go:463.128,465.24 1 4
llmesh/router/internal/scheduler/scheduler.go:465.24,467.3 1 2
llmesh/router/internal/scheduler/scheduler.go:468.2,470.56 3 2
llmesh/router/internal/scheduler/scheduler.go:470.56,472.3 1 2
llmesh/router/internal/scheduler/scheduler.go:473.2,473.45 1 0
llmesh/router/internal/scheduler/scheduler.go:473.45,475.3 1 0
llmesh/router/internal/scheduler/scheduler.go:476.2,476.29 1 0
llmesh/router/internal/scheduler/scheduler.go:484.50,487.28 3 10
llmesh/router/internal/scheduler/scheduler.go:487.28,489.3 1 3
llmesh/router/internal/scheduler/scheduler.go:490.2,490.21 1 7
llmesh/router/internal/scheduler/scheduler.go:490.21,492.3 1 4
llmesh/router/internal/scheduler/scheduler.go:493.2,493.72 1 3
llmesh/router/internal/scheduler/scheduler.go:501.120,502.23 1 33
llmesh/router/internal/scheduler/scheduler.go:502.23,503.31 1 4
llmesh/router/internal/scheduler/scheduler.go:503.31,505.4 1 4
llmesh/router/internal/scheduler/scheduler.go:506.3,506.21 1 0
llmesh/router/internal/scheduler/scheduler.go:508.2,508.42 1 29
llmesh/router/internal/scheduler/scheduler.go:508.42,509.29 1 14
llmesh/router/internal/scheduler/scheduler.go:509.29,510.29 1 21
llmesh/router/internal/scheduler/scheduler.go:510.29,512.5 1 13
llmesh/router/internal/scheduler/scheduler.go:515.2,515.20 1 16
llmesh/router/internal/upstream/upstream.go:63.122,74.2 1 6
llmesh/router/internal/upstream/upstream.go:78.83,83.30 4 9
llmesh/router/internal/upstream/upstream.go:83.30,84.35 1 10
llmesh/router/internal/upstream/upstream.go:84.35,86.4 1 7
llmesh/router/internal/upstream/upstream.go:90.2,90.37 1 9
llmesh/router/internal/upstream/upstream.go:90.37,91.30 1 2
llmesh/router/internal/upstream/upstream.go:91.30,96.4 4 1
llmesh/router/internal/upstream/upstream.go:100.2,100.27 1 9
llmesh/router/internal/upstream/upstream.go:100.27,101.45 1 7
llmesh/router/internal/upstream/upstream.go:101.45,106.4 4 6
llmesh/router/internal/upstream/upstream.go:111.48,115.2 3 3
llmesh/router/internal/upstream/upstream.go:117.54,121.2 3 4
llmesh/router/internal/upstream/upstream.go:125.70,127.6 2 6
llmesh/router/internal/upstream/upstream.go:127.6,128.23 1 6
llmesh/router/internal/upstream/upstream.go:128.23,130.4 1 2
llmesh/router/internal/upstream/upstream.go:131.3,132.23 2 4
llmesh/router/internal/upstream/upstream.go:132.23,134.4 1 0
llmesh/router/internal/upstream/upstream.go:135.3,135.17 1 1
llmesh/router/internal/upstream/upstream.go:135.17,137.4 1 1
llmesh/router/internal/upstream/upstream.go:137.9,141.4 2 0
llmesh/router/internal/upstream/upstream.go:142.3,142.10 1 1
llmesh/router/internal/upstream/upstream.go:143.30,143.30 0 0
llmesh/router/internal/upstream/upstream.go:144.21,145.10 1 1
llmesh/router/internal/upstream/upstream.go:147.3,147.31 1 0
llmesh/router/internal/upstream/upstream.go:147.31,149.4 1 0
llmesh/router/internal/upstream/upstream.go:154.80,158.16 4 4
llmesh/router/internal/upstream/upstream.go:158.16,160.3 1 0
llmesh/router/internal/upstream/upstream.go:161.2,173.12 6 3
llmesh/router/internal/upstream/upstream.go:173.12,174.7 1 3
llmesh/router/internal/upstream/upstream.go:174.7,175.11 1 6
llmesh/router/internal/upstream/upstream.go:176.26,177.74 1 3
llmesh/router/internal/upstream/upstream.go:177.74,180.6 2 0
llmesh/router/internal/upstream/upstream.go:181.26,182.11 1 3
llmesh/router/internal/upstream/upstream.go:190.2,190.50 1 3
llmesh/router/internal/upstream/upstream.go:190.50,192.17 2 3
llmesh/router/internal/upstream/upstream.go:192.17,194.4 1 0
llmesh/router/internal/upstream/upstream.go:195.3,195.10 1 3
llmesh/router/internal/upstream/upstream.go:196.23,197.15 1 3
llmesh/router/internal/upstream/upstream.go:198.25,199.16 1 0
llmesh/router/internal/upstream/upstream.go:200.21,201.16 1 0
llmesh/router/internal/upstream/upstream.go:208.2,209.41 2 3
llmesh/router/internal/upstream/upstream.go:209.41,212.3 2 0
llmesh/router/internal/upstream/upstream.go:213.2,213.12 1 3
llmesh/router/internal/upstream/upstream.go:213.12,216.7 3 3
llmesh/router/internal/upstream/upstream.go:216.7,217.11 1 3
llmesh/router/internal/upstream/upstream.go:218.20,219.105 1 0
llmesh/router/internal/upstream/upstream.go:219.105,221.6 1 0
llmesh/router/internal/upstream/upstream.go:222.26,223.11 1 3
llmesh/router/internal/upstream/upstream.go:229.2,231.16 3 3
llmesh/router/internal/upstream/upstream.go:231.16,233.3 1 3
llmesh/router/internal/upstream/upstream.go:234.2,239.5 1 3
llmesh/router/internal/upstream/upstream.go:239.5,241.3 1 0
llmesh/router/internal/upstream/upstream.go:242.2,251.12 5 3
llmesh/router/internal/upstream/upstream.go:251.12,254.7 3 3
llmesh/router/internal/upstream/upstream.go:254.7,255.11 1 3
llmesh/router/internal/upstream/upstream.go:256.20,257.56 1 0
llmesh/router/internal/upstream/upstream.go:257.56,262.6 4 0
llmesh/router/internal/upstream/upstream.go:263.26,264.11 1 3
llmesh/router/internal/upstream/upstream.go:270.2,274.6 3 3
llmesh/router/internal/upstream/upstream.go:274.6,276.17 2 6
llmesh/router/internal/upstream/upstream.go:276.17,279.32 2 1
llmesh/router/internal/upstream/upstream.go:279.32,281.5 1 0
llmesh/router/internal/upstream/upstream.go:282.4,283.14 2 1
llmesh/router/internal/upstream/upstream.go:285.3,290.52 3 3
llmesh/router/internal/upstream/upstream.go:290.52,291.12 1 0
llmesh/router/internal/upstream/upstream.go:294.3,294.19 1 3
llmesh/router/internal/upstream/upstream.go:295.14,297.53 2 3
llmesh/router/internal/upstream/upstream.go:297.53,299.13 2 0
llmesh/router/internal/upstream/upstream.go:302.4,304.43 2 3
llmesh/router/internal/upstream/upstream.go:304.43,307.13 3 1
llmesh/router/internal/upstream/upstream.go:311.4,311.26 1 2
llmesh/router/internal/upstream/upstream.go:311.26,314.13 3 0
llmesh/router/internal/upstream/upstream.go:316.4,320.40 4 2
llmesh/router/internal/upstream/upstream.go:320.40,321.18 1 2
llmesh/router/internal/upstream/upstream.go:321.18,326.6 4 2
llmesh/router/internal/upstream/upstream.go:333.5,337.35 5 2
llmesh/router/internal/upstream/upstream.go:340.17,342.53 2 0
llmesh/router/internal/upstream/upstream.go:342.53,343.13 1 0
llmesh/router/internal/upstream/upstream.go:345.4,346.45 2 0
llmesh/router/internal/upstream/upstream.go:346.45,349.5 2 0
llmesh/router/internal/upstream/upstream.go:350.4,351.36 2 0
llmesh/router/internal/upstream/upstream.go:359.118,366.6 5 2
llmesh/router/internal/upstream/upstream.go:366.6,367.10 1 2
llmesh/router/internal/upstream/upstream.go:368.24,369.11 1 0
llmesh/router/internal/upstream/upstream.go:369.11,371.5 1 0
llmesh/router/internal/upstream/upstream.go:372.4,372.23 1 0
llmesh/router/internal/upstream/upstream.go:372.23,376.5 3 0
llmesh/router/internal/upstream/upstream.go:377.4,377.16 1 0
llmesh/router/internal/upstream/upstream.go:377.16,379.5 1 0
llmesh/router/internal/upstream/upstream.go:380.21,384.10 3 2
llmesh/router/internal/upstream/upstream.go:391.31,396.2 4 8
llmesh/router/internal/upstream/upstream.go:400.52,402.27 2 6
llmesh/router/internal/upstream/upstream.go:402.27,404.3 1 4
llmesh/router/internal/upstream/upstream.go:405.2,406.33 2 6
llmesh/router/internal/admin/api.go:43.50,44.20 1 0
llmesh/router/internal/admin/api.go:44.20,46.3 1 0
llmesh/router/internal/admin/api.go:47.2,48.25 2 0
llmesh/router/internal/admin/api.go:48.25,55.3 1 0
llmesh/router/internal/admin/api.go:56.2,56.12 1 0
llmesh/router/internal/admin/api.go:73.72,74.32 1 0
llmesh/router/internal/admin/api.go:74.32,77.3 2 0
llmesh/router/internal/admin/api.go:78.2,80.41 3 0
llmesh/router/internal/admin/api.go:80.41,81.20 1 0
llmesh/router/internal/admin/api.go:81.20,83.9 2 0
llmesh/router/internal/admin/api.go:86.2,86.12 1 0
llmesh/router/internal/admin/api.go:86.12,89.3 2 0
llmesh/router/internal/admin/api.go:90.2,91.48 2 0
llmesh/router/internal/admin/api.go:91.48,92.66 1 0
llmesh/router/internal/admin/api.go:92.66,94.4 1 0
llmesh/router/internal/admin/api.go:96.2,98.28 3 0
llmesh/router/internal/admin/api.go:98.28,105.3 1 0
llmesh/router/internal/admin/api.go:106.2,107.79 2 0
llmesh/router/internal/admin/api.go:112.77,115.27 3 0
llmesh/router/internal/admin/api.go:115.27,120.20 5 0
llmesh/router/internal/admin/api.go:120.20,125.4 4 0
llmesh/router/internal/admin/api.go:125.9,125.26 1 0
llmesh/router/internal/admin/api.go:125.26,127.4 1 0
llmesh/router/internal/admin/api.go:128.3,128.31 1 0
llmesh/router/internal/admin/api.go:131.2,146.33 5 0
llmesh/router/internal/admin/api.go:160.72,161.32 1 0
llmesh/router/internal/admin/api.go:161.32,164.3 2 0
llmesh/router/internal/admin/api.go:165.2,168.27 4 0
llmesh/router/internal/admin/api.go:168.27,169.88 1 0
llmesh/router/internal/admin/api.go:169.88,170.12 1 0
llmesh/router/internal/admin/api.go:172.3,177.42 2 0
llmesh/router/internal/admin/api.go:177.42,181.4 3 0
llmesh/router/internal/admin/api.go:182.3,182.26 1 0
llmesh/router/internal/admin/api.go:184.2,186.32 3 0
llmesh/router/internal/admin/api.go:228.109,230.13 2 19
llmesh/router/internal/admin/api.go:231.19,233.18 2 16
llmesh/router/internal/admin/api.go:233.18,235.4 1 3
llmesh/router/internal/admin/api.go:236.3,238.57 3 16
llmesh/router/internal/admin/api.go:238.57,240.4 1 816
llmesh/router/internal/admin/api.go:241.3,241.44 1 16
llmesh/router/internal/admin/api.go:242.20,244.19 2 1
llmesh/router/internal/admin/api.go:244.19,246.4 1 0
llmesh/router/internal/admin/api.go:247.3,249.59 3 1
llmesh/router/internal/admin/api.go:249.59,251.4 1 30
llmesh/router/internal/admin/api.go:252.3,252.43 1 1
llmesh/router/internal/admin/api.go:254.2,254.52 1 2
llmesh/router/internal/admin/api.go:263.73,264.32 1 0
llmesh/router/internal/admin/api.go:264.32,267.3 2 0
llmesh/router/internal/admin/api.go:268.2,271.15 3 0
llmesh/router/internal/admin/api.go:271.15,273.3 1 0
llmesh/router/internal/admin/api.go:274.2,275.17 2 0
llmesh/router/internal/admin/api.go:275.17,277.3 1 0
llmesh/router/internal/admin/api.go:278.2,279.21 2 0
llmesh/router/internal/admin/api.go:279.21,281.3 1 0
llmesh/router/internal/admin/api.go:282.2,283.9 2 0
llmesh/router/internal/admin/api.go:283.9,286.3 2 0
llmesh/router/internal/admin/api.go:287.2,288.23 2 0
llmesh/router/internal/admin/api.go:288.23,290.3 1 0
llmesh/router/internal/admin/api.go:291.2,292.16 2 0
llmesh/router/internal/admin/api.go:292.16,296.3 3 0
llmesh/router/internal/admin/api.go:298.2,299.28 2 0
llmesh/router/internal/admin/api.go:299.28,301.3 1 0
llmesh/router/internal/admin/api.go:302.2,305.27 4 0
llmesh/router/internal/admin/api.go:305.27,307.10 2 0
llmesh/router/internal/admin/api.go:307.10,308.12 1 0
llmesh/router/internal/admin/api.go:310.3,311.10 2 0
llmesh/router/internal/admin/api.go:311.10,321.4 3 0
llmesh/router/internal/admin/api.go:322.3,335.55 14 0
llmesh/router/internal/admin/api.go:338.2,339.29 2 0
llmesh/router/internal/admin/api.go:339.29,341.3 1 0
llmesh/router/internal/admin/api.go:342.2,342.38 1 0
llmesh/router/internal/admin/api.go:342.38,342.88 1 0
llmesh/router/internal/admin/api.go:343.2,343.31 1 0
llmesh/router/internal/admin/api.go:343.31,351.42 2 0
llmesh/router/internal/admin/api.go:351.42,352.27 1 0
llmesh/router/internal/admin/api.go:352.27,357.5 4 0
llmesh/router/internal/admin/api.go:358.4,361.52 4 0
llmesh/router/internal/admin/api.go:363.3,363.44 1 0
llmesh/router/internal/admin/api.go:365.2,366.24 2 0
llmesh/router/internal/admin/api.go:366.24,368.3 1 0
llmesh/router/internal/admin/api.go:370.2,372.33 3 0
llmesh/router/internal/admin/api.go:391.44,394.4 2 50
llmesh/router/internal/admin/api.go:398.44,401.4 2 0
llmesh/router/internal/admin/api.go:405.44,407.4 1 25
llmesh/router/internal/admin/api.go:411.44,413.4 1 0
llmesh/router/internal/admin/api.go:417.44,419.4 1 500
llmesh/router/internal/admin/api.go:465.72,466.32 1 18
llmesh/router/internal/admin/api.go:466.32,469.3 2 0
llmesh/router/internal/admin/api.go:470.2,473.15 3 18
llmesh/router/internal/admin/api.go:473.15,475.3 1 3
llmesh/router/internal/admin/api.go:476.2,477.17 2 18
llmesh/router/internal/admin/api.go:477.17,479.3 1 3
llmesh/router/internal/admin/api.go:480.2,481.22 2 18
llmesh/router/internal/admin/api.go:481.22,483.3 1 3
llmesh/router/internal/admin/api.go:484.2,485.9 2 18
llmesh/router/internal/admin/api.go:485.9,488.3 2 1
llmesh/router/internal/admin/api.go:494.2,494.44 1 17
llmesh/router/internal/admin/api.go:494.44,497.3 2 1
llmesh/router/internal/admin/api.go:500.2,501.21 2 16
llmesh/router/internal/admin/api.go:501.21,503.3 1 1
llmesh/router/internal/admin/api.go:504.2,505.9 2 16
llmesh/router/internal/admin/api.go:505.9,508.3 2 1
llmesh/router/internal/admin/api.go:509.2,510.23 2 15
llmesh/router/internal/admin/api.go:510.23,512.3 1 1
llmesh/router/internal/admin/api.go:513.2,514.16 2 15
llmesh/router/internal/admin/api.go:514.16,518.3 3 1
llmesh/router/internal/admin/api.go:519.2,520.16 2 14
llmesh/router/internal/admin/api.go:520.16,524.3 3 0
llmesh/router/internal/admin/api.go:526.2,527.28 2 14
llmesh/router/internal/admin/api.go:527.28,529.3 1 624
llmesh/router/internal/admin/api.go:533.2,536.27 4 14
llmesh/router/internal/admin/api.go:536.27,538.10 2 24
llmesh/router/internal/admin/api.go:538.10,539.12 1 0
llmesh/router/internal/admin/api.go:541.3,541.40 1 24
llmesh/router/internal/admin/api.go:541.40,545.4 3 23
llmesh/router/internal/admin/api.go:546.3,547.35 2 24
llmesh/router/internal/admin/api.go:550.2,551.29 2 14
llmesh/router/internal/admin/api.go:551.29,557.33 2 23
llmesh/router/internal/admin/api.go:557.33,558.36 1 552
llmesh/router/internal/admin/api.go:558.36,560.5 1 24
llmesh/router/internal/admin/api.go:562.3,562.44 1 23
llmesh/router/internal/admin/api.go:562.44,564.4 1 23
llmesh/router/internal/admin/api.go:565.3,565.23 1 23
llmesh/router/internal/admin/api.go:570.2,570.38 1 14
llmesh/router/internal/admin/api.go:570.38,571.39 1 11
llmesh/router/internal/admin/api.go:571.39,573.4 1 0
llmesh/router/internal/admin/api.go:574.3,574.35 1 11
llmesh/router/internal/admin/api.go:576.2,576.30 1 14
llmesh/router/internal/admin/api.go:576.30,580.3 2 0
llmesh/router/internal/admin/api.go:582.2,602.24 2 14
llmesh/router/internal/admin/api.go:602.24,604.3 1 0
llmesh/router/internal/admin/api.go:606.2,608.33 3 14
llmesh/router/internal/admin/api.go:611.76,612.32 1 0
llmesh/router/internal/admin/api.go:612.32,615.3 2 0
llmesh/router/internal/admin/api.go:616.2,617.48 2 0
llmesh/router/internal/admin/api.go:617.48,618.67 1 0
llmesh/router/internal/admin/api.go:618.67,620.4 1 0
llmesh/router/internal/admin/api.go:622.2,623.16 2 0
llmesh/router/internal/admin/api.go:623.16,626.3 2 0
llmesh/router/internal/admin/api.go:627.2,627.20 1 0
llmesh/router/internal/admin/api.go:627.20,629.3 1 0
llmesh/router/internal/admin/api.go:630.2,632.36 3 0
llmesh/router/internal/admin/auth.go:24.31,27.2 2 1
llmesh/router/internal/admin/auth.go:41.38,43.2 1 9
llmesh/router/internal/admin/auth.go:45.55,47.40 2 3
llmesh/router/internal/admin/auth.go:47.40,48.51 1 0
llmesh/router/internal/admin/auth.go:50.2,54.11 5 3
llmesh/router/internal/admin/auth.go:57.57,61.9 4 4
llmesh/router/internal/admin/auth.go:61.9,63.3 1 1
llmesh/router/internal/admin/auth.go:64.2,64.32 1 3
llmesh/router/internal/admin/auth.go:64.32,67.3 2 0
llmesh/router/internal/admin/auth.go:68.2,68.25 1 3
llmesh/router/internal/admin/auth.go:71.42,75.2 3 1
llmesh/router/internal/admin/auth.go:77.50,80.32 3 0
llmesh/router/internal/admin/auth.go:80.32,83.3 2 0
llmesh/router/internal/admin/auth.go:86.58,90.9 4 0
llmesh/router/internal/admin/auth.go:90.9,92.3 1 0
llmesh/router/internal/admin/auth.go:93.2,93.26 1 0
llmesh/router/internal/admin/auth.go:97.59,99.16 2 3
llmesh/router/internal/admin/auth.go:99.16,101.3 1 1
llmesh/router/internal/admin/auth.go:102.2,103.9 2 2
llmesh/router/internal/admin/auth.go:103.9,105.3 1 0
llmesh/router/internal/admin/auth.go:106.2,107.26 2 2
llmesh/router/internal/admin/auth.go:107.26,109.3 1 0
llmesh/router/internal/admin/auth.go:110.2,110.16 1 2
llmesh/router/internal/admin/auth.go:114.69,115.54 1 44
llmesh/router/internal/admin/auth.go:115.54,117.10 2 3
llmesh/router/internal/admin/auth.go:117.10,120.4 2 1
llmesh/router/internal/admin/auth.go:121.3,121.69 1 2
llmesh/router/internal/admin/auth.go:126.70,127.68 1 24
llmesh/router/internal/admin/auth.go:127.68,129.24 2 1
llmesh/router/internal/admin/auth.go:129.24,132.4 2 1
llmesh/router/internal/admin/auth.go:133.3,133.13 1 0
llmesh/router/internal/admin/auth.go:140.69,141.54 1 0
llmesh/router/internal/admin/auth.go:141.54,142.34 1 0
llmesh/router/internal/admin/auth.go:142.34,145.4 2 0
llmesh/router/internal/admin/auth.go:146.3,149.18 3 0
llmesh/router/internal/admin/auth.go:149.18,152.4 2 0
llmesh/router/internal/admin/auth.go:153.3,153.46 1 0
llmesh/router/internal/admin/auth.go:153.46,156.36 2 0
llmesh/router/internal/admin/auth.go:156.36,157.54 1 0
llmesh/router/internal/admin/auth.go:157.54,159.6 1 0
llmesh/router/internal/admin/auth.go:161.4,162.10 2 0
llmesh/router/internal/admin/auth.go:164.3,164.13 1 0
llmesh/router/internal/admin/auth.go:170.39,172.2 1 18
llmesh/router/internal/admin/auth.go:174.69,175.32 1 1
llmesh/router/internal/admin/auth.go:175.32,178.3 2 0
llmesh/router/internal/admin/auth.go:179.2,183.9 5 1
llmesh/router/internal/admin/auth.go:183.9,189.3 3 0
llmesh/router/internal/admin/auth.go:190.2,190.96 1 1
llmesh/router/internal/admin/auth.go:190.96,193.3 2 0
llmesh/router/internal/admin/auth.go:196.2,196.16 1 1
llmesh/router/internal/admin/auth.go:196.16,199.3 2 1
llmesh/router/internal/admin/auth.go:200.2,203.55 2 0
llmesh/router/internal/admin/auth.go:203.55,205.3 1 0
llmesh/router/internal/admin/auth.go:206.2,215.51 2 0
llmesh/router/internal/admin/auth.go:218.70,219.33 1 1
llmesh/router/internal/admin/auth.go:219.33,222.3 2 1
llmesh/router/internal/admin/auth.go:224.2,225.51 2 0
llmesh/router/internal/admin/auth.go:225.51,228.3 2 0
llmesh/router/internal/admin/auth.go:229.2,229.20 1 0
llmesh/router/internal/admin/auth.go:229.20,230.49 1 0
llmesh/router/internal/admin/auth.go:230.49,230.72 1 0
llmesh/router/internal/admin/auth.go:232.2,233.56 2 0
llmesh/router/internal/admin/auth.go:236.69,237.27 1 0
llmesh/router/internal/admin/auth.go:237.27,240.3 2 0
llmesh/router/internal/admin/auth.go:241.2,241.32 1 0
llmesh/router/internal/admin/auth.go:241.32,244.3 2 0
llmesh/router/internal/admin/auth.go:245.2,245.25 1 0
llmesh/router/internal/admin/auth.go:248.73,253.38 5 1
llmesh/router/internal/admin/auth.go:253.38,256.3 2 0
llmesh/router/internal/admin/auth.go:257.2,257.25 1 1
llmesh/router/internal/admin/auth.go:257.25,260.3 2 0
llmesh/router/internal/admin/auth.go:261.2,262.16 2 1
llmesh/router/internal/admin/auth.go:262.16,265.3 2 0
llmesh/router/internal/admin/auth.go:266.2,270.17 1 1
llmesh/router/internal/admin/auth.go:270.17,273.3 2 0
llmesh/router/internal/admin/auth.go:274.2,274.56 1 1
llmesh/router/internal/admin/auth.go:278.52,281.2 2 1
llmesh/router/internal/admin/auth.go:286.45,288.40 2 2
llmesh/router/internal/admin/auth.go:288.40,290.3 1 0
llmesh/router/internal/admin/auth.go:291.2,291.35 1 2
llmesh/router/internal/admin/handler.go:56.48,56.73 1 0
llmesh/router/internal/admin/handler.go:59.62,59.90 1 0
llmesh/router/internal/admin/handler.go:63.39,63.59 1 0
llmesh/router/internal/admin/handler.go:77.55,78.40 1 3
llmesh/router/internal/admin/handler.go:78.40,80.3 1 1
llmesh/router/internal/admin/handler.go:81.2,81.53 1 2
llmesh/router/internal/admin/handler.go:81.53,83.3 1 1
llmesh/router/internal/admin/handler.go:84.2,84.48 1 1
llmesh/router/internal/admin/handler.go:84.48,86.3 1 1
llmesh/router/internal/admin/handler.go:87.2,87.15 1 0
llmesh/router/internal/admin/handler.go:93.59,94.14 1 3
llmesh/router/internal/admin/handler.go:94.14,96.3 1 0
llmesh/router/internal/admin/handler.go:97.2,97.16 1 3
llmesh/router/internal/admin/handler.go:97.16,98.57 1 1
llmesh/router/internal/admin/handler.go:98.57,99.48 1 1
llmesh/router/internal/admin/handler.go:99.48,101.5 1 1
llmesh/router/internal/admin/handler.go:102.4,102.33 1 1
llmesh/router/internal/admin/handler.go:105.2,105.15 1 2
llmesh/router/internal/admin/handler.go:109.165,110.21 1 0
llmesh/router/internal/admin/handler.go:110.21,112.3 1 0
llmesh/router/internal/admin/handler.go:113.2,114.16 2 0
llmesh/router/internal/admin/handler.go:114.16,116.3 1 0
llmesh/router/internal/admin/handler.go:117.2,132.43 3 0
llmesh/router/internal/admin/handler.go:132.43,134.3 1 0
llmesh/router/internal/admin/handler.go:135.2,136.15 2 0
llmesh/router/internal/admin/handler.go:140.32,142.2 1 0
llmesh/router/internal/admin/handler.go:147.28,149.71 2 4
llmesh/router/internal/admin/handler.go:149.71,151.17 2 8
llmesh/router/internal/admin/handler.go:151.17,152.12 1 0
llmesh/router/internal/admin/handler.go:154.3,154.13 1 8
llmesh/router/internal/admin/handler.go:156.2,156.44 1 4
llmesh/router/internal/admin/handler.go:159.40,163.37 1 1
llmesh/router/internal/admin/handler.go:163.37,165.4 1 1
llmesh/router/internal/admin/handler.go:166.44,167.19 1 0
llmesh/router/internal/admin/handler.go:167.19,169.5 1 0
llmesh/router/internal/admin/handler.go:170.4,170.16 1 0
llmesh/router/internal/admin/handler.go:172.28,172.41 1 0
llmesh/router/internal/admin/handler.go:175.54,176.25 1 0
llmesh/router/internal/admin/handler.go:176.25,178.5 1 0
llmesh/router/internal/admin/handler.go:179.4,180.39 2 0
llmesh/router/internal/admin/handler.go:180.39,182.12 2 0
llmesh/router/internal/admin/handler.go:182.12,184.6 1 0
llmesh/router/internal/admin/handler.go:185.5,185.24 1 0
llmesh/router/internal/admin/handler.go:187.4,187.17 1 0
llmesh/router/internal/admin/handler.go:191.2,193.35 3 1
llmesh/router/internal/admin/handler.go:193.35,200.17 2 5
llmesh/router/internal/admin/handler.go:200.17,202.4 1 0
llmesh/router/internal/admin/handler.go:203.3,203.20 1 5
llmesh/router/internal/admin/handler.go:205.2,205.50 1 1
llmesh/router/internal/admin/handler.go:205.50,207.17 2 2
llmesh/router/internal/admin/handler.go:207.17,209.4 1 0
llmesh/router/internal/admin/handler.go:210.3,210.20 1 2
llmesh/router/internal/admin/handler.go:212.2,212.12 1 1
llmesh/router/internal/admin/handler.go:215.34,222.94 3 1
llmesh/router/internal/admin/handler.go:222.94,224.35 2 3
llmesh/router/internal/admin/handler.go:224.35,226.4 1 2
llmesh/router/internal/admin/handler.go:226.9,228.4 1 1
llmesh/router/internal/admin/handler.go:229.3,229.27 1 3
llmesh/router/internal/admin/handler.go:233.2,240.88 4 1
llmesh/router/internal/admin/handler.go:240.88,241.31 1 0
llmesh/router/internal/admin/handler.go:241.31,244.4 2 0
llmesh/router/internal/admin/handler.go:246.3,246.27 1 0
llmesh/router/internal/admin/handler.go:246.27,249.4 2 0
llmesh/router/internal/admin/handler.go:250.3,250.26 1 0
llmesh/router/internal/admin/handler.go:253.2,253.96 1 1
llmesh/router/internal/admin/handler.go:253.96,254.34 1 0
llmesh/router/internal/admin/handler.go:254.34,256.4 1 0
llmesh/router/internal/admin/handler.go:256.9,258.4 1 0
llmesh/router/internal/admin/handler.go:260.2,264.95 4 1
llmesh/router/internal/admin/handler.go:264.95,265.34 1 0
llmesh/router/internal/admin/handler.go:265.34,267.4 1 0
llmesh/router/internal/admin/handler.go:267.9,269.4 1 0
llmesh/router/internal/admin/handler.go:271.2,274.102 4 1
llmesh/router/internal/admin/handler.go:274.102,275.33 1 0
llmesh/router/internal/admin/handler.go:275.33,278.4 2 0
llmesh/router/internal/admin/handler.go:279.3,279.34 1 0
llmesh/router/internal/admin/handler.go:281.2,281.107 1 1
llmesh/router/internal/admin/handler.go:281.107,282.33 1 0
llmesh/router/internal/admin/handler.go:282.33,285.4 2 0
llmesh/router/internal/admin/handler.go:286.3,286.27 1 0
llmesh/router/internal/admin/handler.go:289.2,335.13 30 1
llmesh/router/internal/admin/handler.go:338.67,340.29 1 3
llmesh/router/internal/admin/handler.go:340.29,343.3 2 0
llmesh/router/internal/admin/handler.go:345.2,347.52 1 3
llmesh/router/internal/admin/handler.go:347.52,350.3 2 0
llmesh/router/internal/admin/handler.go:351.2,351.23 1 3
llmesh/router/internal/admin/handler.go:354.70,356.9 2 1
llmesh/router/internal/admin/handler.go:356.9,359.3 2 1
llmesh/router/internal/admin/handler.go:360.2,361.43 2 0
llmesh/router/internal/admin/handler.go:361.43,363.3 1 0
llmesh/router/internal/admin/handler.go:366.80,368.2 1 1
llmesh/router/internal/admin/handler.go:374.97,375.54 1 28
llmesh/router/internal/admin/handler.go:375.54,376.34 1 0
llmesh/router/internal/admin/handler.go:376.34,379.4 2 0
llmesh/router/internal/admin/handler.go:380.3,381.18 2 0
llmesh/router/internal/admin/handler.go:381.18,383.4 1 0
llmesh/router/internal/admin/handler.go:384.3,385.17 2 0
llmesh/router/internal/admin/handler.go:385.17,388.4 2 0
llmesh/router/internal/admin/handler.go:389.3,390.45 2 0
llmesh/router/internal/admin/handler.go:390.45,393.4 2 0
llmesh/router/internal/admin/handler.go:394.3,394.16 1 0
llmesh/router/internal/admin/pages.go:21.87,22.9 1 0
llmesh/router/internal/admin/pages.go:23.22,24.51 1 0
llmesh/router/internal/admin/pages.go:25.21,27.42 2 0
llmesh/router/internal/admin/pages.go:28.19,29.45 1 0
llmesh/router/internal/admin/pages.go:30.10,31.69 1 0
llmesh/router/internal/admin/pages.go:225.34,226.9 1 13
llmesh/router/internal/admin/pages.go:227.14,228.12 1 7
llmesh/router/internal/admin/pages.go:229.17,230.44 1 1
llmesh/router/internal/admin/pages.go:231.16,232.38 1 1
llmesh/router/internal/admin/pages.go:233.10,234.38 1 4
llmesh/router/internal/admin/pages.go:240.33,241.9 1 17
llmesh/router/internal/admin/pages.go:242.14,243.12 1 9
llmesh/router/internal/admin/pages.go:244.16,245.35 1 3
llmesh/router/internal/admin/pages.go:246.17,247.39 1 4
llmesh/router/internal/admin/pages.go:248.10,249.42 1 1
llmesh/router/internal/admin/pages.go:255.81,256.20 1 3
llmesh/router/internal/admin/pages.go:256.20,258.3 1 1
llmesh/router/internal/admin/pages.go:259.2,271.32 2 2
llmesh/router/internal/admin/pages.go:271.32,272.22 1 3
llmesh/router/internal/admin/pages.go:272.22,273.12 1 1
llmesh/router/internal/admin/pages.go:275.3,281.5 1 2
llmesh/router/internal/admin/pages.go:283.2,283.46 1 2
llmesh/router/internal/admin/pages.go:283.46,283.98 1 1
llmesh/router/internal/admin/pages.go:284.2,284.12 1 2
llmesh/router/internal/admin/pages.go:329.108,331.31 2 1
llmesh/router/internal/admin/pages.go:331.31,333.3 1 2
llmesh/router/internal/admin/pages.go:334.2,337.28 4 1
llmesh/router/internal/admin/pages.go:337.28,338.18 1 6
llmesh/router/internal/admin/pages.go:338.18,340.4 1 2
llmesh/router/internal/admin/pages.go:341.3,352.5 4 4
llmesh/router/internal/admin/pages.go:354.2,354.25 1 1
llmesh/router/internal/admin/pages.go:354.25,356.3 1 2
llmesh/router/internal/admin/pages.go:357.2,357.31 1 1
llmesh/router/internal/admin/pages.go:357.31,359.3 1 2
llmesh/router/internal/admin/pages.go:360.2,360.32 1 1
llmesh/router/internal/admin/pages.go:360.32,362.3 1 2
llmesh/router/internal/admin/pages.go:363.2,363.39 1 1
llmesh/router/internal/admin/pages.go:363.39,363.79 1 6
llmesh/router/internal/admin/pages.go:364.2,364.13 1 1
llmesh/router/internal/admin/pages.go:376.98,378.31 2 1
llmesh/router/internal/admin/pages.go:378.31,380.3 1 2
llmesh/router/internal/admin/pages.go:381.2,382.33 2 1
llmesh/router/internal/admin/pages.go:382.33,384.24 2 2
llmesh/router/internal/admin/pages.go:384.24,395.4 2 4
llmesh/router/internal/admin/pages.go:396.3,396.65 1 2
llmesh/router/internal/admin/pages.go:398.2,398.39 1 1
llmesh/router/internal/admin/pages.go:398.39,398.79 1 1
llmesh/router/internal/admin/pages.go:399.2,399.13 1 1
llmesh/router/internal/admin/pages.go:403.71,405.39 2 0
llmesh/router/internal/admin/pages.go:405.39,406.33 1 0
llmesh/router/internal/admin/pages.go:406.33,408.4 1 0
llmesh/router/internal/admin/pages.go:410.2,410.21 1 0
llmesh/router/internal/admin/pages.go:410.21,412.3 1 0
llmesh/router/internal/admin/pages.go:413.2,413.12 1 0
llmesh/router/internal/admin/pages.go:416.76,427.51 2 0
llmesh/router/internal/admin/pages.go:427.51,428.51 1 0
llmesh/router/internal/admin/pages.go:428.51,430.4 1 0
llmesh/router/internal/admin/pages.go:432.2,432.11 1 0
llmesh/router/internal/admin/pages.go:439.90,440.23 1 3
llmesh/router/internal/admin/pages.go:440.23,442.3 1 1
llmesh/router/internal/admin/pages.go:443.2,444.28 2 2
llmesh/router/internal/admin/pages.go:444.28,445.30 1 4
llmesh/router/internal/admin/pages.go:445.30,447.4 1 1
llmesh/router/internal/admin/pages.go:449.2,449.12 1 2
llmesh/router/internal/admin/pages.go:452.73,456.27 4 0
llmesh/router/internal/admin/pages.go:456.27,463.20 5 0
llmesh/router/internal/admin/pages.go:463.20,468.4 4 0
llmesh/router/internal/admin/pages.go:468.9,468.26 1 0
llmesh/router/internal/admin/pages.go:468.26,470.4 1 0
llmesh/router/internal/admin/pages.go:471.3,471.33 1 0
llmesh/router/internal/admin/pages.go:473.2,491.20 6 0
llmesh/router/internal/admin/pages.go:491.20,496.31 5 0
llmesh/router/internal/admin/pages.go:496.31,508.4 1 0
llmesh/router/internal/admin/pages.go:510.2,510.32 1 0
llmesh/router/internal/admin/pages.go:515.71,518.2 2 0
llmesh/router/internal/admin/pages.go:520.103,528.23 3 0
llmesh/router/internal/admin/pages.go:528.23,529.38 1 0
llmesh/router/internal/admin/pages.go:529.38,531.4 1 0
llmesh/router/internal/admin/pages.go:533.2,533.31 1 0
llmesh/router/internal/admin/pages.go:536.76,538.38 2 0
llmesh/router/internal/admin/pages.go:538.38,541.3 2 0
llmesh/router/internal/admin/pages.go:542.2,544.20 3 0
llmesh/router/internal/admin/pages.go:544.20,546.3 1 0
llmesh/router/internal/admin/pages.go:547.2,547.17 1 0
llmesh/router/internal/admin/pages.go:547.17,550.3 2 0
llmesh/router/internal/admin/pages.go:552.2,553.23 2 0
llmesh/router/internal/admin/pages.go:553.23,554.100 1 0
llmesh/router/internal/admin/pages.go:554.100,555.49 1 0
llmesh/router/internal/admin/pages.go:555.49,558.5 2 0
llmesh/router/internal/admin/pages.go:559.4,559.19 1 0
llmesh/router/internal/admin/pages.go:562.2,563.16 2 0
llmesh/router/internal/admin/pages.go:563.16,566.3 2 0
llmesh/router/internal/admin/pages.go:567.2,575.45 2 0
llmesh/router/internal/admin/pages.go:575.45,578.3 2 0
llmesh/router/internal/admin/pages.go:579.2,580.38 2 0
llmesh/router/internal/admin/pages.go:583.76,585.38 2 0
llmesh/router/internal/admin/pages.go:585.38,588.3 2 0
llmesh/router/internal/admin/pages.go:589.2,592.54 3 0
llmesh/router/internal/admin/pages.go:592.54,594.3 1 0
llmesh/router/internal/admin/pages.go:595.2,595.85 1 0
llmesh/router/internal/admin/pages.go:595.85,597.3 1 0
llmesh/router/internal/admin/pages.go:597.8,599.3 1 0
llmesh/router/internal/admin/pages.go:600.2,600.59 1 0
llmesh/router/internal/admin/pages.go:605.76,608.2 2 0
llmesh/router/internal/admin/pages.go:610.110,622.23 5 0
llmesh/router/internal/admin/pages.go:622.23,624.3 1 0
llmesh/router/internal/admin/pages.go:625.2,628.16 4 0
llmesh/router/internal/admin/pages.go:628.16,630.3 1 0
llmesh/router/internal/admin/pages.go:631.2,632.16 2 0
llmesh/router/internal/admin/pages.go:632.16,634.3 1 0
llmesh/router/internal/admin/pages.go:636.2,637.30 2 0
llmesh/router/internal/admin/pages.go:637.30,644.25 5 0
llmesh/router/internal/admin/pages.go:644.25,648.27 4 0
llmesh/router/internal/admin/pages.go:648.27,653.5 1 0
llmesh/router/internal/admin/pages.go:654.4,656.33 3 0
llmesh/router/internal/admin/pages.go:656.33,658.61 2 0
llmesh/router/internal/admin/pages.go:658.61,662.45 4 0
llmesh/router/internal/admin/pages.go:662.45,666.7 3 0
llmesh/router/internal/admin/pages.go:667.6,668.20 2 0
llmesh/router/internal/admin/pages.go:668.20,670.7 1 0
llmesh/router/internal/admin/pages.go:671.6,671.40 1 0
llmesh/router/internal/admin/pages.go:671.40,673.7 1 0
llmesh/router/internal/admin/pages.go:674.6,674.31 1 0
llmesh/router/internal/admin/pages.go:674.31,676.7 1 0
llmesh/router/internal/admin/pages.go:677.6,678.28 2 0
llmesh/router/internal/admin/pages.go:678.28,680.7 1 0
llmesh/router/internal/admin/pages.go:681.6,682.30 2 0
llmesh/router/internal/admin/pages.go:683.30,684.24 1 0
llmesh/router/internal/admin/pages.go:685.29,686.23 1 0
llmesh/router/internal/admin/pages.go:688.6,704.8 1 0
llmesh/router/internal/admin/pages.go:706.5,707.17 2 0
llmesh/router/internal/admin/pages.go:707.17,709.6 1 0
llmesh/router/internal/admin/pages.go:710.5,718.7 1 0
llmesh/router/internal/admin/pages.go:720.9,720.65 1 0
llmesh/router/internal/admin/pages.go:720.65,723.4 2 0
llmesh/router/internal/admin/pages.go:723.9,725.4 1 0
llmesh/router/internal/admin/pages.go:728.3,729.34 2 0
llmesh/router/internal/admin/pages.go:729.34,731.4 1 0
llmesh/router/internal/admin/pages.go:732.3,732.31 1 0
llmesh/router/internal/admin/pages.go:732.31,734.4 1 0
llmesh/router/internal/admin/pages.go:735.3,735.27 1 0
llmesh/router/internal/admin/pages.go:735.27,740.4 1 0
llmesh/router/internal/admin/pages.go:741.3,741.50 1 0
llmesh/router/internal/admin/pages.go:741.50,743.4 1 0
llmesh/router/internal/admin/pages.go:744.3,744.27 1 0
llmesh/router/internal/admin/pages.go:746.2,751.23 2 0
llmesh/router/internal/admin/pages.go:751.23,753.38 2 0
llmesh/router/internal/admin/pages.go:753.38,755.4 1 0
llmesh/router/internal/admin/pages.go:756.8,758.3 1 0
llmesh/router/internal/admin/pages.go:759.2,759.30 1 0
llmesh/router/internal/admin/pages.go:762.81,764.38 2 0
llmesh/router/internal/admin/pages.go:764.38,767.3 2 0
llmesh/router/internal/admin/pages.go:768.2,769.16 2 0
llmesh/router/internal/admin/pages.go:769.16,772.3 2 0
llmesh/router/internal/admin/pages.go:774.2,775.23 2 0
llmesh/router/internal/admin/pages.go:775.23,776.100 1 0
llmesh/router/internal/admin/pages.go:776.100,777.49 1 0
llmesh/router/internal/admin/pages.go:777.49,780.5 2 0
llmesh/router/internal/admin/pages.go:781.4,781.19 1 0
llmesh/router/internal/admin/pages.go:784.2,785.16 2 0
llmesh/router/internal/admin/pages.go:785.16,788.3 2 0
llmesh/router/internal/admin/pages.go:789.2,796.50 2 0
llmesh/router/internal/admin/pages.go:796.50,799.3 2 0
llmesh/router/internal/admin/pages.go:800.2,801.43 2 0
llmesh/router/internal/admin/pages.go:804.81,806.38 2 0
llmesh/router/internal/admin/pages.go:806.38,809.3 2 0
llmesh/router/internal/admin/pages.go:810.2,812.61 3 0
llmesh/router/internal/admin/pages.go:812.61,814.3 1 0
llmesh/router/internal/admin/pages.go:815.2,815.92 1 0
llmesh/router/internal/admin/pages.go:815.92,817.3 1 0
llmesh/router/internal/admin/pages.go:817.8,820.3 2 0
llmesh/router/internal/admin/pages.go:821.2,821.58 1 0
llmesh/router/internal/admin/pages.go:824.76,826.38 2 0
llmesh/router/internal/admin/pages.go:826.38,829.3 2 0
llmesh/router/internal/admin/pages.go:830.2,831.21 2 0
llmesh/router/internal/admin/pages.go:831.21,834.3 2 0
llmesh/router/internal/admin/pages.go:835.2,836.58 2 0
llmesh/router/internal/admin/pages.go:836.58,839.3 2 0
llmesh/router/internal/admin/pages.go:840.2,841.12 2 0
llmesh/router/internal/admin/pages.go:841.12,843.3 1 0
llmesh/router/internal/admin/pages.go:843.8,845.3 1 0
llmesh/router/internal/admin/pages.go:846.2,846.58 1 0
llmesh/router/internal/admin/pages.go:849.85,851.38 2 0
llmesh/router/internal/admin/pages.go:851.38,854.3 2 0
llmesh/router/internal/admin/pages.go:855.2,857.17 3 0
llmesh/router/internal/admin/pages.go:857.17,860.3 2 0
llmesh/router/internal/admin/pages.go:861.2,863.20 3 0
llmesh/router/internal/admin/pages.go:863.20,865.26 2 0
llmesh/router/internal/admin/pages.go:865.26,868.4 2 0
llmesh/router/internal/admin/pages.go:869.3,869.12 1 0
llmesh/router/internal/admin/pages.go:871.2,871.113 1 0
llmesh/router/internal/admin/pages.go:871.113,875.3 3 0
llmesh/router/internal/admin/pages.go:876.2,877.58 2 0
llmesh/router/internal/admin/pages.go:881.81,884.17 3 0
llmesh/router/internal/admin/pages.go:884.17,887.3 2 0
llmesh/router/internal/admin/pages.go:888.2,889.9 2 0
llmesh/router/internal/admin/pages.go:889.9,892.3 2 0
llmesh/router/internal/admin/pages.go:893.2,893.49 1 0
llmesh/router/internal/admin/pages.go:893.49,896.3 2 0
llmesh/router/internal/admin/pages.go:897.2,900.21 4 0
llmesh/router/internal/admin/pages.go:904.74,907.17 3 0
llmesh/router/internal/admin/pages.go:907.17,910.3 2 0
llmesh/router/internal/admin/pages.go:911.2,912.9 2 0
llmesh/router/internal/admin/pages.go:912.9,915.3 2 0
llmesh/router/internal/admin/pages.go:916.2,916.49 1 0
llmesh/router/internal/admin/pages.go:916.49,919.3 2 0
llmesh/router/internal/admin/pages.go:920.2,953.21 4 0
llmesh/router/internal/admin/pages.go:958.80,960.38 2 0
llmesh/router/internal/admin/pages.go:960.38,963.3 2 0
llmesh/router/internal/admin/pages.go:964.2,969.58 4 0
llmesh/router/internal/admin/pages.go:969.58,971.26 2 0
llmesh/router/internal/admin/pages.go:971.26,974.4 2 0
llmesh/router/internal/admin/pages.go:975.3,975.11 1 0
llmesh/router/internal/admin/pages.go:977.2,977.32 1 0
llmesh/router/internal/admin/pages.go:977.32,978.74 1 0
llmesh/router/internal/admin/pages.go:978.74,981.4 2 0
llmesh/router/internal/admin/pages.go:982.3,983.63 1 0
llmesh/router/internal/admin/pages.go:985.2,985.51 1 0
llmesh/router/internal/admin/pages.go:990.81,992.38 2 0
llmesh/router/internal/admin/pages.go:992.38,995.3 2 0
llmesh/router/internal/admin/pages.go:996.2,1000.13 5 0
llmesh/router/internal/admin/pages.go:1001.12,1002.13 1 0
llmesh/router/internal/admin/pages.go:1003.14,1004.12 1 0
llmesh/router/internal/admin/pages.go:1005.10,1007.9 2 0
llmesh/router/internal/admin/pages.go:1009.2,1009.32 1 0
llmesh/router/internal/admin/pages.go:1009.32,1012.3 2 0
llmesh/router/internal/admin/pages.go:1013.2,1013.69 1 0
llmesh/router/internal/admin/pages.go:1013.69,1016.3 2 0
llmesh/router/internal/admin/pages.go:1017.2,1018.51 2 0
llmesh/router/internal/admin/pages.go:1021.80,1023.38 2 0
llmesh/router/internal/admin/pages.go:1023.38,1026.3 2 0
llmesh/router/internal/admin/pages.go:1027.2,1029.17 3 0
llmesh/router/internal/admin/pages.go:1029.17,1030.59 1 0
llmesh/router/internal/admin/pages.go:1030.59,1033.4 2 0
llmesh/router/internal/admin/pages.go:1034.3,1034.82 1 0
llmesh/router/internal/admin/pages.go:1035.8,1036.57 1 0
llmesh/router/internal/admin/pages.go:1036.57,1039.4 2 0
llmesh/router/internal/admin/pages.go:1040.3,1040.78 1 0
llmesh/router/internal/admin/pages.go:1043.2,1044.22 2 0
llmesh/router/internal/admin/pages.go:1044.22,1047.3 2 0
llmesh/router/internal/admin/pages.go:1048.2,1048.51 1 0
llmesh/router/internal/admin/pages.go:1053.68,1056.2 2 0
llmesh/router/internal/admin/pages.go:1060.72,1063.2 2 0
llmesh/router/internal/admin/pages.go:1065.102,1068.28 3 0
llmesh/router/internal/admin/pages.go:1068.28,1070.3 1 0
llmesh/router/internal/admin/pages.go:1071.2,1073.29 3 0
llmesh/router/internal/admin/pages.go:1073.29,1076.3 2 0
llmesh/router/internal/admin/pages.go:1077.2,1081.16 5 0
llmesh/router/internal/admin/pages.go:1081.16,1084.3 2 0
llmesh/router/internal/admin/pages.go:1085.2,1088.16 4 0
llmesh/router/internal/admin/pages.go:1088.16,1090.3 1 0
llmesh/router/internal/admin/pages.go:1091.2,1099.4 1 0
llmesh/router/internal/admin/pages.go:1103.82,1105.38 2 0
llmesh/router/internal/admin/pages.go:1105.38,1108.3 2 0
llmesh/router/internal/admin/pages.go:1109.2,1110.17 2 0
llmesh/router/internal/admin/pages.go:1110.17,1113.3 2 0
llmesh/router/internal/admin/pages.go:1114.2,1115.16 2 0
llmesh/router/internal/admin/pages.go:1115.16,1118.3 2 0
llmesh/router/internal/admin/pages.go:1119.2,1120.16 2 0
llmesh/router/internal/admin/pages.go:1120.16,1123.3 2 0
llmesh/router/internal/admin/pages.go:1124.2,1125.77 2 0
llmesh/router/internal/admin/pages.go:1125.77,1128.3 2 0
llmesh/router/internal/admin/pages.go:1129.2,1131.63 2 0
llmesh/router/internal/admin/pages.go:1135.82,1137.38 2 0
llmesh/router/internal/admin/pages.go:1137.38,1140.3 2 0
llmesh/router/internal/admin/pages.go:1141.2,1142.58 2 0
llmesh/router/internal/admin/pages.go:1142.58,1145.3 2 0
llmesh/router/internal/admin/pages.go:1146.2,1147.65 2 0
llmesh/router/internal/admin/pages.go:1151.82,1153.38 2 0
llmesh/router/internal/admin/pages.go:1153.38,1156.3 2 0
llmesh/router/internal/admin/pages.go:1157.2,1158.54 2 0
llmesh/router/internal/admin/pages.go:1158.54,1161.3 2 0
llmesh/router/internal/admin/pages.go:1162.2,1163.52 2 0
llmesh/router/internal/admin/pages.go:1166.75,1168.38 2 0
llmesh/router/internal/admin/pages.go:1168.38,1171.3 2 0
llmesh/router/internal/admin/pages.go:1172.2,1176.20 5 0
llmesh/router/internal/admin/pages.go:1176.20,1178.3 1 0
llmesh/router/internal/admin/pages.go:1179.2,1179.30 1 0
llmesh/router/internal/admin/pages.go:1179.30,1182.3 2 0
llmesh/router/internal/admin/pages.go:1183.2,1183.122 1 0
llmesh/router/internal/admin/pages.go:1183.122,1186.3 2 0
llmesh/router/internal/admin/pages.go:1187.2,1188.29 2 0
llmesh/router/internal/admin/pages.go:1188.29,1190.3 1 0
llmesh/router/internal/admin/pages.go:1191.2,1191.73 1 0
llmesh/router/internal/admin/pages.go:1194.78,1196.38 2 0
llmesh/router/internal/admin/pages.go:1196.38,1199.3 2 0
llmesh/router/internal/admin/pages.go:1200.2,1201.66 2 0
llmesh/router/internal/admin/pages.go:1201.66,1204.3 2 0
llmesh/router/internal/admin/pages.go:1205.2,1207.29 3 0
llmesh/router/internal/admin/pages.go:1207.29,1209.3 1 0
llmesh/router/internal/admin/pages.go:1210.2,1210.73 1 0
llmesh/router/internal/admin/pages.go:1223.82,1225.38 2 0
llmesh/router/internal/admin/pages.go:1225.38,1228.3 2 0
llmesh/router/internal/admin/pages.go:1229.2,1229.34 1 0
llmesh/router/internal/admin/pages.go:1229.34,1231.61 2 0
llmesh/router/internal/admin/pages.go:1231.61,1234.4 2 0
llmesh/router/internal/admin/pages.go:1236.2,1238.76 3 0
llmesh/router/internal/admin/pages.go:1250.53,1252.13 2 10
llmesh/router/internal/admin/pages.go:1252.13,1254.3 1 2
llmesh/router/internal/admin/pages.go:1255.2,1255.42 1 8
llmesh/router/internal/admin/pages.go:1255.42,1257.3 1 2
llmesh/router/internal/admin/pages.go:1258.2,1259.44 2 8
llmesh/router/internal/admin/pages.go:1259.44,1261.3 1 2
llmesh/router/internal/admin/pages.go:1262.2,1262.33 1 8
llmesh/router/internal/admin/pages.go:1262.33,1264.3 1 2
llmesh/router/internal/admin/pages.go:1265.2,1265.15 1 6
llmesh/router/internal/admin/pages.go:1268.74,1270.38 2 0
llmesh/router/internal/admin/pages.go:1270.38,1273.3 2 0
llmesh/router/internal/admin/pages.go:1274.2,1275.16 2 0
llmesh/router/internal/admin/pages.go:1275.16,1278.3 2 0
llmesh/router/internal/admin/pages.go:1279.2,1279.52 1 0
llmesh/router/internal/admin/pages.go:1279.52,1282.3 2 0
llmesh/router/internal/admin/pages.go:1283.2,1284.16 2 0
llmesh/router/internal/admin/pages.go:1284.16,1287.3 2 0
llmesh/router/internal/admin/pages.go:1288.2,1288.76 1 0
llmesh/router/internal/admin/pages.go:1291.78,1293.38 2 0
llmesh/router/internal/admin/pages.go:1293.38,1296.3 2 0
llmesh/router/internal/admin/pages.go:1297.2,1300.22 4 0
llmesh/router/internal/admin/pages.go:1300.22,1303.3 2 0
llmesh/router/internal/admin/pages.go:1305.2,1306.9 2 0
llmesh/router/internal/admin/pages.go:1306.9,1309.3 2 0
llmesh/router/internal/admin/pages.go:1310.2,1310.99 1 0
llmesh/router/internal/admin/pages.go:1310.99,1313.3 2 0
llmesh/router/internal/admin/pages.go:1314.2,1315.16 2 0
llmesh/router/internal/admin/pages.go:1315.16,1318.3 2 0
llmesh/router/internal/admin/pages.go:1319.2,1319.50 1 0
llmesh/router/internal/admin/pages.go:1319.50,1319.78 1 0
llmesh/router/internal/admin/pages.go:1320.2,1321.52 2 0
llmesh/router/internal/admin/pages.go:1324.71,1326.38 2 0
llmesh/router/internal/admin/pages.go:1326.38,1329.3 2 0
llmesh/router/internal/admin/pages.go:1330.2,1332.38 3 0
llmesh/router/internal/admin/pages.go:1332.38,1335.3 2 0
llmesh/router/internal/admin/pages.go:1336.2,1336.55 1 0
llmesh/router/internal/admin/pages.go:1336.55,1339.3 2 0
llmesh/router/internal/admin/pages.go:1340.2,1341.16 2 0
llmesh/router/internal/admin/pages.go:1341.16,1344.3 2 0
llmesh/router/internal/admin/pages.go:1345.2,1345.102 1 0
llmesh/router/internal/admin/pages.go:1345.102,1348.3 2 0
llmesh/router/internal/admin/pages.go:1349.2,1350.74 2 0
llmesh/router/internal/admin/pages.go:1353.75,1355.38 2 0
llmesh/router/internal/admin/pages.go:1355.38,1358.3 2 0
llmesh/router/internal/admin/pages.go:1359.2,1360.26 2 0
llmesh/router/internal/admin/pages.go:1360.26,1363.3 2 0
llmesh/router/internal/admin/pages.go:1364.2,1364.56 1 0
llmesh/router/internal/admin/pages.go:1364.56,1364.80 1 0
llmesh/router/internal/admin/pages.go:1364.94,1367.3 2 0
llmesh/router/internal/admin/pages.go:1368.2,1369.59 2 0
llmesh/router/internal/admin/pages.go:1372.74,1374.38 2 0
llmesh/router/internal/admin/pages.go:1374.38,1377.3 2 0
llmesh/router/internal/admin/pages.go:1378.2,1379.56 2 0
llmesh/router/internal/admin/pages.go:1379.56,1379.81 1 0
llmesh/router/internal/admin/pages.go:1379.95,1382.3 2 0
llmesh/router/internal/admin/pages.go:1383.2,1384.59 2 0
llmesh/router/internal/admin/pages.go:1387.75,1389.38 2 0
llmesh/router/internal/admin/pages.go:1389.38,1392.3 2 0
llmesh/router/internal/admin/pages.go:1393.2,1394.56 2 0
llmesh/router/internal/admin/pages.go:1394.56,1394.79 1 0
llmesh/router/internal/admin/pages.go:1394.93,1397.3 2 0
llmesh/router/internal/admin/pages.go:1398.2,1399.59 2 0
llmesh/router/internal/admin/pages.go:1402.74,1404.38 2 0
llmesh/router/internal/admin/pages.go:1404.38,1407.3 2 0
llmesh/router/internal/admin/pages.go:1408.2,1409.63 2 0
llmesh/router/internal/admin/pages.go:1409.63,1412.3 2 0
llmesh/router/internal/admin/pages.go:1413.2,1414.59 2 0
llmesh/router/internal/admin/pages.go:1417.81,1419.38 2 0
llmesh/router/internal/admin/pages.go:1419.38,1422.3 2 0
llmesh/router/internal/admin/pages.go:1423.2,1424.26 2 0
llmesh/router/internal/admin/pages.go:1424.26,1427.3 2 0
llmesh/router/internal/admin/pages.go:1428.2,1428.46 1 0
llmesh/router/internal/admin/pages.go:1428.46,1431.3 2 0
llmesh/router/internal/admin/pages.go:1432.2,1433.16 2 0
llmesh/router/internal/admin/pages.go:1433.16,1436.3 2 0
llmesh/router/internal/admin/pages.go:1437.2,1438.16 2 0
llmesh/router/internal/admin/pages.go:1438.16,1441.3 2 0
llmesh/router/internal/admin/pages.go:1442.2,1442.56 1 0
llmesh/router/internal/admin/pages.go:1442.56,1442.84 1 0
llmesh/router/internal/admin/pages.go:1442.98,1445.3 2 0
llmesh/router/internal/admin/pages.go:1446.2,1447.180 2 0
llmesh/router/internal/admin/pages.go:1450.74,1452.38 2 0
llmesh/router/internal/admin/pages.go:1452.38,1455.3 2 0
llmesh/router/internal/admin/pages.go:1456.2,1457.63 2 0
llmesh/router/internal/admin/pages.go:1457.63,1460.3 2 0
llmesh/router/internal/admin/pages.go:1461.2,1462.72 2 0
llmesh/router/internal/admin/pages.go:1468.77,1470.38 2 0
llmesh/router/internal/admin/pages.go:1470.38,1473.3 2 0
llmesh/router/internal/admin/pages.go:1474.2,1478.9 5 0
llmesh/router/internal/admin/pages.go:1478.9,1481.3 2 0
llmesh/router/internal/admin/pages.go:1482.2,1483.15 2 0
llmesh/router/internal/admin/pages.go:1484.14,1485.17 1 0
llmesh/router/internal/admin/pages.go:1486.17,1487.20 1 0
llmesh/router/internal/admin/pages.go:1488.10,1490.9 2 0
llmesh/router/internal/admin/pages.go:1492.2,1492.72 1 0
llmesh/router/internal/admin/pages.go:1492.72,1495.3 2 0
llmesh/router/internal/admin/pages.go:1496.2,1497.69 2 0
llmesh/router/internal/admin/pages.go:1502.56,1503.14 1 0
llmesh/router/internal/admin/pages.go:1503.14,1505.3 1 0
llmesh/router/internal/admin/pages.go:1506.2,1507.13 2 0
llmesh/router/internal/admin/pages.go:1507.13,1509.3 1 0
llmesh/router/internal/admin/pages.go:1509.8,1511.3 1 0
llmesh/router/internal/admin/pages.go:1512.2,1513.25 2 0
llmesh/router/internal/admin/pages.go:1513.25,1520.3 1 0
llmesh/router/internal/admin/pages.go:1521.2,1521.38 1 0
llmesh/router/internal/admin/pages.go:1521.38,1525.3 3 0
llmesh/router/internal/admin/pages.go:1526.2,1526.12 1 0
llmesh/router/internal/admin/pages.go:1531.78,1532.38 1 0
llmesh/router/internal/admin/pages.go:1532.38,1535.3 2 0
llmesh/router/internal/admin/pages.go:1536.2,1538.72 3 0
llmesh/router/internal/admin/pages.go:1538.72,1541.3 2 0
llmesh/router/internal/admin/pages.go:1542.2,1542.59 1 0
llmesh/router/internal/admin/pages.go:1547.83,1548.38 1 0
llmesh/router/internal/admin/pages.go:1548.38,1551.3 2 0
llmesh/router/internal/admin/pages.go:1552.2,1555.20 4 0
llmesh/router/internal/admin/pages.go:1555.20,1557.26 2 0
llmesh/router/internal/admin/pages.go:1557.26,1560.4 2 0
llmesh/router/internal/admin/pages.go:1561.3,1561.12 1 0
llmesh/router/internal/admin/pages.go:1563.2,1563.74 1 0
llmesh/router/internal/admin/pages.go:1563.74,1566.3 2 0
llmesh/router/internal/admin/pages.go:1567.2,1567.59 1 0
llmesh/router/internal/admin/pages.go:1571.65,1574.27 3 0
llmesh/router/internal/admin/pages.go:1574.27,1575.48 1 0
llmesh/router/internal/admin/pages.go:1575.48,1578.4 2 0
llmesh/router/internal/admin/pages.go:1579.3,1581.48 3 0
llmesh/router/internal/admin/pages.go:1581.48,1583.4 1 0
llmesh/router/internal/admin/pages.go:1585.2,1586.33 2 0
llmesh/router/internal/admin/pages.go:1586.33,1588.3 1 0
llmesh/router/internal/admin/pages.go:1589.2,1589.41 1 0
llmesh/router/internal/admin/pages.go:1589.41,1590.45 1 0
llmesh/router/internal/admin/pages.go:1590.45,1592.4 1 0
llmesh/router/internal/admin/pages.go:1593.3,1593.49 1 0
llmesh/router/internal/admin/pages.go:1595.2,1595.15 1 0
llmesh/router/internal/admin/pages.go:1600.73,1604.8 4 0
llmesh/router/internal/admin/pages.go:1604.8,1608.73 3 0
llmesh/router/internal/admin/pages.go:1608.73,1611.4 2 0
llmesh/router/internal/admin/pages.go:1612.3,1612.29 1 0
llmesh/router/internal/admin/pages.go:1614.2,1614.58 1 0
llmesh/router/internal/admin/pages.go:1617.75,1620.20 2 0
llmesh/router/internal/admin/pages.go:1620.20,1622.3 1 0
llmesh/router/internal/admin/pages.go:1623.2,1623.51 1 0
llmesh/router/internal/admin/pages.go:1627.33,1628.11 1 0
llmesh/router/internal/admin/pages.go:1629.9,1630.16 1 0
llmesh/router/internal/admin/pages.go:1631.9,1632.15 1 0
llmesh/router/internal/admin/pages.go:1633.10,1634.18 1 0
llmesh/router/internal/admin/pages.go:1639.36,1641.9 2 0
llmesh/router/internal/admin/pages.go:1642.23,1643.20 1 0
llmesh/router/internal/admin/pages.go:1644.21,1645.50 1 0
llmesh/router/internal/admin/pages.go:1646.24,1647.48 1 0
llmesh/router/internal/admin/pages.go:1648.10,1649.32 1 0
llmesh/router/internal/admin/perf.go:95.39,98.30 3 8
llmesh/router/internal/admin/perf.go:98.30,100.3 1 2
llmesh/router/internal/admin/perf.go:101.2,102.30 2 8
llmesh/router/internal/admin/perf.go:102.30,104.3 1 5
llmesh/router/internal/admin/perf.go:105.2,105.18 1 8
llmesh/router/internal/admin/perf.go:105.18,108.29 3 4
llmesh/router/internal/admin/perf.go:108.29,110.4 1 2
llmesh/router/internal/admin/perf.go:112.2,112.44 1 8
llmesh/router/internal/admin/perf.go:112.44,116.3 3 4
llmesh/router/internal/admin/perf.go:117.2,117.42 1 8
llmesh/router/internal/admin/perf.go:117.42,121.3 3 6
llmesh/router/internal/admin/perf.go:122.2,122.19 1 8
llmesh/router/internal/admin/perf.go:122.19,124.3 1 4
llmesh/router/internal/admin/perf.go:128.40,131.33 3 1
llmesh/router/internal/admin/perf.go:131.33,133.3 1 1
llmesh/router/internal/admin/perf.go:134.2,135.33 2 1
llmesh/router/internal/admin/perf.go:135.33,137.3 1 0
llmesh/router/internal/admin/perf.go:138.2,140.31 3 1
llmesh/router/internal/admin/perf.go:140.31,142.3 1 0
llmesh/router/internal/admin/perf.go:143.2,149.38 7 1
llmesh/router/internal/admin/perf.go:154.49,190.2 2 47
llmesh/router/internal/admin/perf.go:193.57,197.2 2 3
llmesh/router/internal/admin/perf.go:229.38,232.33 3 50
llmesh/router/internal/admin/perf.go:232.33,234.3 1 2
llmesh/router/internal/admin/perf.go:235.2,236.33 2 50
llmesh/router/internal/admin/perf.go:236.33,238.3 1 2
llmesh/router/internal/admin/perf.go:239.2,241.31 3 50
llmesh/router/internal/admin/perf.go:241.31,243.3 1 2
llmesh/router/internal/admin/perf.go:244.2,250.38 7 50
llmesh/router/internal/admin/perf.go:255.40,256.24 1 48
llmesh/router/internal/admin/perf.go:256.24,258.3 1 40
llmesh/router/internal/admin/perf.go:259.2,259.45 1 8
llmesh/router/internal/admin/perf.go:263.41,264.20 1 18
llmesh/router/internal/admin/perf.go:264.20,266.3 1 3
llmesh/router/internal/admin/perf.go:267.2,267.42 1 15
llmesh/router/internal/admin/perf.go:271.41,272.20 1 518
llmesh/router/internal/admin/perf.go:272.20,274.3 1 463
llmesh/router/internal/admin/perf.go:275.2,275.42 1 55
llmesh/router/internal/admin/perf.go:282.49,283.25 1 20
llmesh/router/internal/admin/perf.go:283.25,285.3 1 19
llmesh/router/internal/admin/perf.go:286.2,286.59 1 1
llmesh/router/internal/admin/perf.go:291.46,292.24 1 79
llmesh/router/internal/admin/perf.go:292.24,294.3 1 59
llmesh/router/internal/admin/perf.go:295.2,295.57 1 20
llmesh/router/internal/admin/perf.go:300.50,301.20 1 17
llmesh/router/internal/admin/perf.go:301.20,303.3 1 3
llmesh/router/internal/admin/perf.go:304.2,304.55 1 14
llmesh/router/internal/admin/perf.go:309.54,310.17 1 23
llmesh/router/internal/admin/perf.go:311.15,312.22 1 16
llmesh/router/internal/admin/perf.go:313.15,314.22 1 2
llmesh/router/internal/admin/perf.go:315.13,316.26 1 1
llmesh/router/internal/admin/perf.go:317.16,318.23 1 2
llmesh/router/internal/admin/perf.go:320.2,320.52 1 2
llmesh/router/internal/admin/perf.go:335.43,344.2 1 62
llmesh/router/internal/admin/perf.go:351.112,353.16 2 23
llmesh/router/internal/admin/perf.go:353.16,355.3 1 2
llmesh/router/internal/admin/perf.go:356.2,357.11 2 21
llmesh/router/internal/admin/perf.go:357.11,359.3 1 1
llmesh/router/internal/admin/perf.go:360.2,363.17 3 21
llmesh/router/internal/admin/perf.go:363.17,366.3 2 2
llmesh/router/internal/admin/perf.go:367.2,369.16 3 21
llmesh/router/internal/admin/perf.go:369.16,371.3 1 0
llmesh/router/internal/admin/perf.go:372.2,374.18 3 21
llmesh/router/internal/admin/perf.go:374.18,377.44 3 36
llmesh/router/internal/admin/perf.go:377.44,379.4 1 0
llmesh/router/internal/admin/perf.go:380.3,380.23 1 36
llmesh/router/internal/admin/perf.go:382.2,382.24 1 21
llmesh/router/internal/admin/perf.go:387.85,390.17 3 21
llmesh/router/internal/admin/perf.go:390.17,393.3 2 2
llmesh/router/internal/admin/perf.go:394.2,396.15 3 21
llmesh/router/internal/admin/perf.go:402.98,406.17 3 1
llmesh/router/internal/admin/perf.go:406.17,409.3 2 0
llmesh/router/internal/admin/perf.go:410.2,412.16 3 1
llmesh/router/internal/admin/perf.go:412.16,414.3 1 0
llmesh/router/internal/admin/perf.go:415.2,417.18 3 1
llmesh/router/internal/admin/perf.go:417.18,421.44 4 2
llmesh/router/internal/admin/perf.go:421.44,423.4 1 0
llmesh/router/internal/admin/perf.go:424.3,424.16 1 2
llmesh/router/internal/admin/perf.go:426.2,426.24 1 1
llmesh/router/internal/admin/perf.go:432.114,436.17 3 1
llmesh/router/internal/admin/perf.go:436.17,439.3 2 0
llmesh/router/internal/admin/perf.go:440.2,442.16 3 1
llmesh/router/internal/admin/perf.go:442.16,444.3 1 0
llmesh/router/internal/admin/perf.go:445.2,447.18 3 1
llmesh/router/internal/admin/perf.go:447.18,451.44 4 3
llmesh/router/internal/admin/perf.go:451.44,453.4 1 0
llmesh/router/internal/admin/perf.go:454.3,454.25 1 3
llmesh/router/internal/admin/perf.go:454.25,456.4 1 2
llmesh/router/internal/admin/perf.go:457.3,457.25 1 3
llmesh/router/internal/admin/perf.go:459.2,459.24 1 1
llmesh/router/internal/admin/perf.go:488.68,498.2 3 2
llmesh/router/internal/admin/perf.go:502.49,503.19 1 6
llmesh/router/internal/admin/perf.go:503.19,505.3 1 1
llmesh/router/internal/admin/perf.go:506.2,515.9 4 5
llmesh/router/internal/admin/perf.go:515.9,521.3 2 3
llmesh/router/internal/admin/perf.go:522.2,523.15 2 5
llmesh/router/internal/admin/perf.go:526.31,534.6 7 2
llmesh/router/internal/admin/perf.go:534.6,535.10 1 2
llmesh/router/internal/admin/perf.go:536.19,537.13 1 0
llmesh/router/internal/admin/perf.go:538.18,539.16 1 0
llmesh/router/internal/admin/perf.go:540.17,542.10 2 2
llmesh/router/internal/admin/perf.go:547.35,548.80 1 2
llmesh/router/internal/admin/perf.go:548.80,550.3 1 0
llmesh/router/internal/admin/perf.go:554.32,559.24 5 5
llmesh/router/internal/admin/perf.go:559.24,560.50 1 3
llmesh/router/internal/admin/perf.go:560.50,568.31 4 0
llmesh/router/internal/admin/perf.go:568.31,570.5 1 0
llmesh/router/internal/admin/perf.go:570.10,572.5 1 0
llmesh/router/internal/admin/perf.go:573.4,573.17 1 0
llmesh/router/internal/admin/perf.go:579.32,580.23 1 2
llmesh/router/internal/admin/perf.go:580.23,580.40 1 2
llmesh/router/internal/admin/perf.go:581.2,581.10 1 2
llmesh/router/internal/admin/pricing.go:58.37,58.81 1 1
llmesh/router/internal/admin/pricing.go:63.34,64.58 1 15
llmesh/router/internal/admin/pricing.go:64.58,66.3 1 7
llmesh/router/internal/admin/pricing.go:67.2,67.23 1 8
llmesh/router/internal/admin/pricing.go:72.48,74.13 2 25
llmesh/router/internal/admin/pricing.go:74.13,76.3 1 1
llmesh/router/internal/admin/pricing.go:79.2,82.16 4 24
llmesh/router/internal/admin/pricing.go:82.16,84.3 1 3
llmesh/router/internal/admin/pricing.go:85.2,85.39 1 21
llmesh/router/internal/admin/pricing.go:85.39,87.3 1 0
llmesh/router/internal/admin/pricing.go:88.2,88.11 1 21
llmesh/router/internal/admin/pricing.go:88.11,90.3 1 1
llmesh/router/internal/admin/pricing.go:91.2,91.24 1 20
llmesh/router/internal/admin/pricing.go:91.24,93.3 1 1
llmesh/router/internal/admin/pricing.go:94.2,94.49 1 19
llmesh/router/internal/admin/pricing.go:100.42,101.14 1 15
llmesh/router/internal/admin/pricing.go:101.14,103.3 1 6
llmesh/router/internal/admin/pricing.go:104.2,106.35 3 9
llmesh/router/internal/admin/pricing.go:111.38,113.9 2 8
llmesh/router/internal/admin/pricing.go:113.9,115.3 1 1
llmesh/router/internal/admin/pricing.go:116.2,118.9 3 8
llmesh/router/internal/admin/pricing.go:119.18,120.16 1 1
llmesh/router/internal/admin/pricing.go:121.14,122.41 1 3
llmesh/router/internal/admin/pricing.go:123.17,124.41 1 2
llmesh/router/internal/admin/pricing.go:125.21,126.41 1 2
llmesh/router/internal/admin/pricing.go:127.10,129.18 1 0
llmesh/router/internal/admin/pricing.go:131.2,131.9 1 7
llmesh/router/internal/admin/pricing.go:131.9,133.3 1 1
llmesh/router/internal/admin/pricing.go:134.2,134.10 1 6
llmesh/router/internal/admin/pricing.go:140.77,142.2 1 0
llmesh/router/internal/admin/pricing.go:147.68,149.16 2 3
llmesh/router/internal/admin/pricing.go:149.16,151.3 1 0
llmesh/router/internal/admin/pricing.go:152.2,154.18 3 3
llmesh/router/internal/admin/pricing.go:154.18,156.96 2 5
llmesh/router/internal/admin/pricing.go:156.96,158.4 1 0
llmesh/router/internal/admin/pricing.go:159.3,159.19 1 5
llmesh/router/internal/admin/pricing.go:161.2,161.24 1 3
llmesh/router/internal/admin/pricing.go:167.94,169.17 2 13
llmesh/router/internal/admin/pricing.go:169.17,171.3 1 1
llmesh/router/internal/admin/pricing.go:172.2,172.35 1 12
llmesh/router/internal/admin/pricing.go:172.35,174.3 1 1
llmesh/router/internal/admin/pricing.go:175.2,184.12 2 11
llmesh/router/internal/admin/pricing.go:188.56,190.16 2 2
llmesh/router/internal/admin/pricing.go:190.16,192.3 1 0
llmesh/router/internal/admin/pricing.go:193.2,193.40 1 2
llmesh/router/internal/admin/pricing.go:193.40,195.3 1 1
llmesh/router/internal/admin/pricing.go:196.2,196.12 1 1
llmesh/router/internal/admin/pricing.go:200.39,203.46 3 3
llmesh/router/internal/admin/pricing.go:203.46,205.3 1 1
llmesh/router/internal/admin/pricing.go:206.2,206.10 1 2
llmesh/router/internal/admin/pricing.go:212.52,214.16 2 3
llmesh/router/internal/admin/pricing.go:214.16,216.3 1 1
llmesh/router/internal/admin/pricing.go:217.2,217.19 1 3
llmesh/router/internal/admin/pricing.go:217.19,219.3 1 1
llmesh/router/internal/admin/pricing.go:220.2,224.12 2 2
llmesh/router/internal/admin/ratelimit.go:27.84,35.2 3 3
llmesh/router/internal/admin/ratelimit.go:40.31,43.21 3 3
llmesh/router/internal/admin/ratelimit.go:43.21,46.32 3 0
llmesh/router/internal/admin/ratelimit.go:46.32,47.33 1 0
llmesh/router/internal/admin/ratelimit.go:47.33,49.5 1 0
llmesh/router/internal/admin/ratelimit.go:51.3,51.17 1 0
llmesh/router/internal/admin/ratelimit.go:60.61,66.9 5 20
llmesh/router/internal/admin/ratelimit.go:66.9,68.16 2 5
llmesh/router/internal/admin/ratelimit.go:68.16,70.4 1 0
llmesh/router/internal/admin/ratelimit.go:71.3,74.26 2 5
llmesh/router/internal/admin/ratelimit.go:77.2,78.30 2 20
llmesh/router/internal/admin/ratelimit.go:85.50,86.18 1 2
llmesh/router/internal/admin/ratelimit.go:86.18,87.56 1 1
llmesh/router/internal/admin/ratelimit.go:87.56,89.4 1 1
llmesh/router/internal/admin/ratelimit.go:91.2,92.16 2 1
llmesh/router/internal/admin/ratelimit.go:92.16,94.3 1 0
llmesh/router/internal/admin/ratelimit.go:95.2,95.13 1 1
llmesh/router/internal/admin/ratelimit.go:101.48,102.18 1 2
llmesh/router/internal/admin/ratelimit.go:102.18,104.3 1 0
llmesh/router/internal/admin/ratelimit.go:105.2,105.86 1 2
llmesh/router/internal/admin/ratelimit.go:109.89,110.26 1 30
llmesh/router/internal/admin/ratelimit.go:110.26,112.3 1 30
llmesh/router/internal/admin/ratelimit.go:113.2,113.54 1 0
llmesh/router/internal/admin/ratelimit.go:113.54,115.38 2 0
llmesh/router/internal/admin/ratelimit.go:115.38,118.4 2 0
llmesh/router/internal/admin/ratelimit.go:119.3,119.13 1 0
llmesh/router/internal/admin/state.go:62.34,62.57 1 25
llmesh/router/internal/admin/state.go:67.36,68.17 1 13
llmesh/router/internal/admin/state.go:68.17,70.3 1 3
llmesh/router/internal/admin/state.go:71.2,71.16 1 10
llmesh/router/internal/admin/state.go:71.16,73.3 1 7
llmesh/router/internal/admin/state.go:74.2,74.15 1 3
llmesh/router/internal/admin/state.go:115.55,123.51 2 0
llmesh/router/internal/admin/state.go:123.51,125.3 1 0
llmesh/router/internal/admin/state.go:126.2,130.31 5 0
llmesh/router/internal/admin/state.go:130.31,132.67 2 0
llmesh/router/internal/admin/state.go:132.67,135.4 2 0
llmesh/router/internal/admin/state.go:136.3,137.67 2 0
llmesh/router/internal/admin/state.go:137.67,139.37 2 0
llmesh/router/internal/admin/state.go:139.37,141.5 1 0
llmesh/router/internal/admin/state.go:144.2,144.12 1 0
llmesh/router/internal/admin/state.go:175.33,176.38 1 84
llmesh/router/internal/admin/state.go:176.38,178.3 1 83
llmesh/router/internal/admin/state.go:179.2,179.13 1 1
llmesh/router/internal/admin/state.go:185.45,193.16 3 84
llmesh/router/internal/admin/state.go:193.16,195.3 1 0
llmesh/router/internal/admin/state.go:196.2,197.62 2 84
llmesh/router/internal/admin/state.go:197.62,200.3 2 0
llmesh/router/internal/admin/state.go:201.2,201.41 1 84
llmesh/router/internal/admin/state.go:201.41,204.3 2 0
llmesh/router/internal/admin/state.go:205.2,205.49 1 84
llmesh/router/internal/admin/state.go:205.49,208.3 2 0
llmesh/router/internal/admin/state.go:209.2,210.57 2 84
llmesh/router/internal/admin/state.go:210.57,213.3 2 0
llmesh/router/internal/admin/state.go:214.2,214.15 1 84
llmesh/router/internal/admin/state.go:217.37,315.16 2 84
llmesh/router/internal/admin/state.go:315.16,317.3 1 0
llmesh/router/internal/admin/state.go:320.2,328.12 5 84
llmesh/router/internal/admin/state.go:332.60,334.16 2 170
llmesh/router/internal/admin/state.go:334.16,336.3 1 0
llmesh/router/internal/admin/state.go:337.2,338.18 2 170
llmesh/router/internal/admin/state.go:338.18,340.48 2 1094
llmesh/router/internal/admin/state.go:340.48,342.4 1 2
llmesh/router/internal/admin/state.go:344.2,344.14 1 168
llmesh/router/internal/admin/state.go:351.45,352.43 1 84
llmesh/router/internal/admin/state.go:352.43,354.17 2 1
llmesh/router/internal/admin/state.go:354.17,356.4 1 0
llmesh/router/internal/admin/state.go:357.3,359.17 3 1
llmesh/router/internal/admin/state.go:359.17,361.4 1 0
llmesh/router/internal/admin/state.go:362.3,367.19 3 1
llmesh/router/internal/admin/state.go:367.19,369.109 2 1
llmesh/router/internal/admin/state.go:369.109,372.5 2 0
llmesh/router/internal/admin/state.go:373.4,373.26 1 1
llmesh/router/internal/admin/state.go:375.3,388.18 2 1
llmesh/router/internal/admin/state.go:388.18,390.4 1 0
llmesh/router/internal/admin/state.go:391.3,391.26 1 1
llmesh/router/internal/admin/state.go:391.26,395.18 1 1
llmesh/router/internal/admin/state.go:395.18,397.5 1 0
llmesh/router/internal/admin/state.go:399.3,399.37 1 1
llmesh/router/internal/admin/state.go:399.37,401.4 1 0
llmesh/router/internal/admin/state.go:403.2,403.50 1 84
llmesh/router/internal/admin/state.go:403.50,405.17 2 1
llmesh/router/internal/admin/state.go:405.17,407.4 1 0
llmesh/router/internal/admin/state.go:408.3,410.17 3 1
llmesh/router/internal/admin/state.go:410.17,412.4 1 0
llmesh/router/internal/admin/state.go:413.3,417.19 3 1
llmesh/router/internal/admin/state.go:417.19,419.94 2 1
llmesh/router/internal/admin/state.go:419.94,422.5 2 0
llmesh/router/internal/admin/state.go:423.4,423.26 1 1
llmesh/router/internal/admin/state.go:425.3,437.18 2 1
llmesh/router/internal/admin/state.go:437.18,439.4 1 0
llmesh/router/internal/admin/state.go:440.3,440.26 1 1
llmesh/router/internal/admin/state.go:440.26,444.18 1 1
llmesh/router/internal/admin/state.go:444.18,446.5 1 0
llmesh/router/internal/admin/state.go:448.3,448.37 1 1
llmesh/router/internal/admin/state.go:448.37,450.4 1 0
llmesh/router/internal/admin/state.go:452.2,452.12 1 84
llmesh/router/internal/admin/state.go:467.63,472.2 1 0
llmesh/router/internal/admin/state.go:475.62,476.32 1 0
llmesh/router/internal/admin/state.go:476.32,478.3 1 0
llmesh/router/internal/admin/state.go:479.2,482.16 2 0
llmesh/router/internal/admin/state.go:482.16,484.3 1 0
llmesh/router/internal/admin/state.go:485.2,487.18 3 0
llmesh/router/internal/admin/state.go:487.18,490.89 3 0
llmesh/router/internal/admin/state.go:490.89,491.12 1 0
llmesh/router/internal/admin/state.go:493.3,494.23 2 0
llmesh/router/internal/admin/state.go:496.2,496.24 1 0
llmesh/router/internal/admin/state.go:500.65,503.24 2 84
llmesh/router/internal/admin/state.go:503.24,505.3 1 1
llmesh/router/internal/admin/state.go:506.2,507.81 2 84
llmesh/router/internal/admin/state.go:507.81,509.3 1 0
llmesh/router/internal/admin/state.go:510.2,510.15 1 84
llmesh/router/internal/admin/state.go:510.15,512.3 1 2
llmesh/router/internal/admin/state.go:513.2,514.54 2 82
llmesh/router/internal/admin/state.go:514.54,516.3 1 82
llmesh/router/internal/admin/state.go:517.2,517.16 1 0
llmesh/router/internal/admin/state.go:517.16,519.3 1 0
llmesh/router/internal/admin/state.go:520.2,521.50 2 0
llmesh/router/internal/admin/state.go:521.50,523.3 1 0
llmesh/router/internal/admin/state.go:524.2,525.16 2 0
llmesh/router/internal/admin/state.go:525.16,527.3 1 0
llmesh/router/internal/admin/state.go:528.2,529.29 2 0
llmesh/router/internal/admin/state.go:529.29,534.17 2 0
llmesh/router/internal/admin/state.go:534.17,536.4 1 0
llmesh/router/internal/admin/state.go:538.2,538.31 1 0
llmesh/router/internal/admin/state.go:538.31,542.17 1 0
llmesh/router/internal/admin/state.go:542.17,544.4 1 0
llmesh/router/internal/admin/state.go:546.2,546.36 1 0
llmesh/router/internal/admin/state.go:546.36,551.17 2 0
llmesh/router/internal/admin/state.go:551.17,553.4 1 0
llmesh/router/internal/admin/state.go:555.2,555.45 1 0
llmesh/router/internal/admin/state.go:555.45,556.32 1 0
llmesh/router/internal/admin/state.go:556.32,560.18 1 0
llmesh/router/internal/admin/state.go:560.18,562.5 1 0
llmesh/router/internal/admin/state.go:565.2,565.39 1 0
llmesh/router/internal/admin/state.go:565.39,569.17 1 0
llmesh/router/internal/admin/state.go:569.17,571.4 1 0
llmesh/router/internal/admin/state.go:573.2,573.20 1 0
llmesh/router/internal/admin/state.go:576.26,577.7 1 39
llmesh/router/internal/admin/state.go:577.7,579.3 1 9
llmesh/router/internal/admin/state.go:580.2,580.10 1 30
llmesh/router/internal/admin/state.go:583.49,584.17 1 2
llmesh/router/internal/admin/state.go:584.17,586.3 1 2
llmesh/router/internal/admin/state.go:587.2,588.18 2 0
llmesh/router/internal/admin/state.go:593.35,597.2 3 5
llmesh/router/internal/admin/state.go:601.58,608.16 4 37
llmesh/router/internal/admin/state.go:608.16,610.3 1 5
llmesh/router/internal/admin/state.go:611.2,614.16 4 32
llmesh/router/internal/admin/state.go:617.39,622.16 2 23
llmesh/router/internal/admin/state.go:622.16,623.46 1 1
llmesh/router/internal/admin/state.go:623.46,625.4 1 1
llmesh/router/internal/admin/state.go:626.3,626.13 1 0
llmesh/router/internal/admin/state.go:628.2,628.12 1 22
llmesh/router/internal/admin/state.go:634.45,636.16 2 1
llmesh/router/internal/admin/state.go:636.16,638.3 1 0
llmesh/router/internal/admin/state.go:639.2,641.79 3 1
llmesh/router/internal/admin/state.go:641.79,643.3 1 0
llmesh/router/internal/admin/state.go:644.2,644.15 1 1
llmesh/router/internal/admin/state.go:644.15,646.3 1 0
llmesh/router/internal/admin/state.go:647.2,650.16 1 1
llmesh/router/internal/admin/state.go:650.16,652.3 1 0
llmesh/router/internal/admin/state.go:653.2,653.20 1 1
llmesh/router/internal/admin/state.go:656.67,658.9 2 6
llmesh/router/internal/admin/state.go:658.9,660.3 1 1
llmesh/router/internal/admin/state.go:661.2,666.16 3 5
llmesh/router/internal/admin/state.go:666.16,668.3 1 5
llmesh/router/internal/admin/state.go:669.2,669.12 1 5
llmesh/router/internal/admin/state.go:672.32,674.16 2 0
llmesh/router/internal/admin/state.go:674.16,676.3 1 0
llmesh/router/internal/admin/state.go:677.2,679.18 3 0
llmesh/router/internal/admin/state.go:679.18,682.119 3 0
llmesh/router/internal/admin/state.go:682.119,687.4 4 0
llmesh/router/internal/admin/state.go:689.2,689.12 1 0
llmesh/router/internal/admin/state.go:693.77,694.46 1 3
llmesh/router/internal/admin/state.go:694.46,697.3 2 3
llmesh/router/internal/admin/state.go:704.63,705.48 1 4
llmesh/router/internal/admin/state.go:705.48,707.3 1 0
llmesh/router/internal/admin/state.go:708.2,710.16 3 4
llmesh/router/internal/admin/state.go:710.16,712.3 1 0
llmesh/router/internal/admin/state.go:713.2,714.18 2 4
llmesh/router/internal/admin/state.go:714.18,717.56 3 2
llmesh/router/internal/admin/state.go:717.56,719.4 1 2
llmesh/router/internal/admin/state.go:721.2,722.10 2 4
llmesh/router/internal/admin/state.go:725.40,729.2 3 1
llmesh/router/internal/admin/state.go:731.56,732.21 1 0
llmesh/router/internal/admin/state.go:732.21,734.3 1 0
llmesh/router/internal/admin/state.go:735.2,735.31 1 0
llmesh/router/internal/admin/state.go:735.31,737.3 1 0
llmesh/router/internal/admin/state.go:738.2,739.16 2 0
llmesh/router/internal/admin/state.go:739.16,741.3 1 0
llmesh/router/internal/admin/state.go:742.2,742.40 1 0
llmesh/router/internal/admin/state.go:742.40,744.3 1 0
llmesh/router/internal/admin/state.go:745.2,745.12 1 0
llmesh/router/internal/admin/state.go:754.56,755.21 1 7
llmesh/router/internal/admin/state.go:755.21,757.3 1 1
llmesh/router/internal/admin/state.go:758.2,759.9 2 6
llmesh/router/internal/admin/state.go:759.9,761.3 1 1
llmesh/router/internal/admin/state.go:762.2,762.17 1 5
llmesh/router/internal/admin/state.go:762.17,764.3 1 1
llmesh/router/internal/admin/state.go:765.2,765.23 1 4
llmesh/router/internal/admin/state.go:765.23,768.18 3 2
llmesh/router/internal/admin/state.go:768.18,770.4 1 1
llmesh/router/internal/admin/state.go:772.2,773.16 2 3
llmesh/router/internal/admin/state.go:773.16,775.3 1 0
llmesh/router/internal/admin/state.go:776.2,777.83 2 3
llmesh/router/internal/admin/state.go:777.83,779.3 1 0
llmesh/router/internal/admin/state.go:780.2,780.88 1 3
llmesh/router/internal/admin/state.go:780.88,782.3 1 0
llmesh/router/internal/admin/state.go:783.2,784.16 2 3
llmesh/router/internal/admin/state.go:784.16,786.3 1 0
llmesh/router/internal/admin/state.go:787.2,787.40 1 3
llmesh/router/internal/admin/state.go:787.40,789.3 1 0
llmesh/router/internal/admin/state.go:790.2,790.20 1 3
llmesh/router/internal/admin/state.go:796.57,798.2 1 8
llmesh/router/internal/admin/state.go:802.64,809.16 4 8
llmesh/router/internal/admin/state.go:809.16,811.3 1 4
llmesh/router/internal/admin/state.go:812.2,813.16 2 4
llmesh/router/internal/admin/state.go:816.65,821.13 2 1
llmesh/router/internal/admin/state.go:821.13,823.3 1 0
llmesh/router/internal/admin/state.go:823.8,825.3 1 1
llmesh/router/internal/admin/state.go:826.2,826.16 1 1
llmesh/router/internal/admin/state.go:826.16,828.3 1 0
llmesh/router/internal/admin/state.go:829.2,831.18 3 1
llmesh/router/internal/admin/state.go:831.18,834.124 3 0
llmesh/router/internal/admin/state.go:834.124,837.4 2 0
llmesh/router/internal/admin/state.go:839.2,839.12 1 1
llmesh/router/internal/admin/state.go:842.43,847.16 2 7
llmesh/router/internal/admin/state.go:847.16,848.46 1 1
llmesh/router/internal/admin/state.go:848.46,850.4 1 1
llmesh/router/internal/admin/state.go:851.3,851.13 1 0
llmesh/router/internal/admin/state.go:853.2,853.12 1 6
llmesh/router/internal/admin/state.go:857.70,858.18 1 0
llmesh/router/internal/admin/state.go:859.31,859.31 0 0
llmesh/router/internal/admin/state.go:860.10,861.53 1 0
llmesh/router/internal/admin/state.go:863.2,864.16 2 0
llmesh/router/internal/admin/state.go:864.16,866.3 1 0
llmesh/router/internal/admin/state.go:867.2,867.40 1 0
llmesh/router/internal/admin/state.go:867.40,869.3 1 0
llmesh/router/internal/admin/state.go:870.2,870.12 1 0
llmesh/router/internal/admin/state.go:874.76,875.15 1 0
llmesh/router/internal/admin/state.go:875.15,877.3 1 0
llmesh/router/internal/admin/state.go:878.2,879.16 2 0
llmesh/router/internal/admin/state.go:879.16,881.3 1 0
llmesh/router/internal/admin/state.go:882.2,882.40 1 0
llmesh/router/internal/admin/state.go:882.40,884.3 1 0
llmesh/router/internal/admin/state.go:885.2,885.12 1 0
llmesh/router/internal/admin/state.go:888.50,890.9 2 0
llmesh/router/internal/admin/state.go:890.9,892.3 1 0
llmesh/router/internal/admin/state.go:893.2,893.24 1 0
llmesh/router/internal/admin/state.go:897.73,902.13 2 1
llmesh/router/internal/admin/state.go:902.13,904.3 1 0
llmesh/router/internal/admin/state.go:904.8,906.3 1 1
llmesh/router/internal/admin/state.go:907.2,907.16 1 1
llmesh/router/internal/admin/state.go:907.16,909.3 1 0
llmesh/router/internal/admin/state.go:910.2,910.40 1 1
llmesh/router/internal/admin/state.go:910.40,912.3 1 0
llmesh/router/internal/admin/state.go:913.2,913.12 1 1
llmesh/router/internal/admin/state.go:916.35,920.2 3 0
llmesh/router/internal/admin/state.go:922.46,925.2 2 2
llmesh/router/internal/admin/state.go:927.56,929.9 2 2
llmesh/router/internal/admin/state.go:929.9,931.3 1 1
llmesh/router/internal/admin/state.go:932.2,932.45 1 1
llmesh/router/internal/admin/state.go:935.45,937.9 2 0
llmesh/router/internal/admin/state.go:937.9,939.3 1 0
llmesh/router/internal/admin/state.go:940.2,940.16 1 0
llmesh/router/internal/admin/state.go:943.45,945.9 2 0
llmesh/router/internal/admin/state.go:945.9,947.3 1 0
llmesh/router/internal/admin/state.go:948.2,948.32 1 0
llmesh/router/internal/admin/state.go:955.69,957.2 1 3
llmesh/router/internal/admin/state.go:961.74,968.16 4 3
llmesh/router/internal/admin/state.go:968.16,970.3 1 1
llmesh/router/internal/admin/state.go:971.2,973.16 3 2
llmesh/router/internal/admin/state.go:976.75,981.13 2 1
llmesh/router/internal/admin/state.go:981.13,983.3 1 0
llmesh/router/internal/admin/state.go:983.8,985.3 1 1
llmesh/router/internal/admin/state.go:986.2,986.16 1 1
llmesh/router/internal/admin/state.go:986.16,988.3 1 0
llmesh/router/internal/admin/state.go:989.2,991.18 3 1
llmesh/router/internal/admin/state.go:991.18,994.113 3 0
llmesh/router/internal/admin/state.go:994.113,998.4 3 0
llmesh/router/internal/admin/state.go:1000.2,1000.12 1 1
llmesh/router/internal/admin/state.go:1003.53,1008.16 2 2
llmesh/router/internal/admin/state.go:1008.16,1009.46 1 0
llmesh/router/internal/admin/state.go:1009.46,1011.4 1 0
llmesh/router/internal/admin/state.go:1012.3,1012.13 1 0
llmesh/router/internal/admin/state.go:1014.2,1014.12 1 2
llmesh/router/internal/admin/state.go:1018.80,1023.13 2 1
llmesh/router/internal/admin/state.go:1023.13,1025.3 1 0
llmesh/router/internal/admin/state.go:1025.8,1027.3 1 1
llmesh/router/internal/admin/state.go:1028.2,1028.16 1 1
llmesh/router/internal/admin/state.go:1028.16,1030.3 1 0
llmesh/router/internal/admin/state.go:1031.2,1031.40 1 1
llmesh/router/internal/admin/state.go:1031.40,1033.3 1 0
llmesh/router/internal/admin/state.go:1034.2,1034.12 1 1
llmesh/router/internal/admin/state.go:1039.105,1041.43 2 0
llmesh/router/internal/admin/state.go:1041.43,1043.3 1 0
llmesh/router/internal/admin/state.go:1044.2,1044.16 1 0
llmesh/router/internal/admin/state.go:1044.16,1046.3 1 0
llmesh/router/internal/admin/state.go:1046.8,1047.26 1 0
llmesh/router/internal/admin/state.go:1047.26,1049.4 1 0
llmesh/router/internal/admin/state.go:1050.3,1050.30 1 0
llmesh/router/internal/admin/state.go:1052.2,1053.12 2 0
llmesh/router/internal/admin/state.go:1056.40,1060.2 3 0
llmesh/router/internal/admin/state.go:1064.55,1066.16 2 0
llmesh/router/internal/admin/state.go:1066.16,1068.3 1 0
llmesh/router/internal/admin/state.go:1069.2,1071.18 3 0
llmesh/router/internal/admin/state.go:1071.18,1073.75 2 0
llmesh/router/internal/admin/state.go:1073.75,1075.4 1 0
llmesh/router/internal/admin/state.go:1077.2,1077.12 1 0
llmesh/router/internal/admin/state.go:1080.59,1081.34 1 0
llmesh/router/internal/admin/state.go:1081.34,1083.3 1 0
llmesh/router/internal/admin/state.go:1084.2,1085.73 2 0
llmesh/router/internal/admin/state.go:1085.73,1087.3 1 0
llmesh/router/internal/admin/state.go:1088.2,1089.20 2 0
llmesh/router/internal/admin/state.go:1090.20,1091.24 1 0
llmesh/router/internal/admin/state.go:1092.21,1092.21 0 0
llmesh/router/internal/admin/state.go:1094.10,1095.66 1 0
llmesh/router/internal/admin/state.go:1097.2,1101.16 2 0
llmesh/router/internal/admin/state.go:1101.16,1102.46 1 0
llmesh/router/internal/admin/state.go:1102.46,1104.4 1 0
llmesh/router/internal/admin/state.go:1105.3,1105.13 1 0
llmesh/router/internal/admin/state.go:1107.2,1107.12 1 0
llmesh/router/internal/admin/state.go:1110.59,1112.16 2 0
llmesh/router/internal/admin/state.go:1112.16,1114.3 1 0
llmesh/router/internal/admin/state.go:1115.2,1115.40 1 0
llmesh/router/internal/admin/state.go:1115.40,1117.3 1 0
llmesh/router/internal/admin/state.go:1118.2,1118.12 1 0
llmesh/router/internal/admin/state.go:1123.39,1125.40 2 6
llmesh/router/internal/admin/state.go:1125.40,1127.3 1 0
llmesh/router/internal/admin/state.go:1128.2,1128.35 1 6
llmesh/router/internal/admin/state.go:1131.51,1133.16 2 1
llmesh/router/internal/admin/state.go:1133.16,1135.3 1 0
llmesh/router/internal/admin/state.go:1136.2,1136.47 1 1
llmesh/router/internal/admin/state.go:1139.56,1141.16 2 0
llmesh/router/internal/admin/state.go:1141.16,1143.3 1 0
llmesh/router/internal/admin/state.go:1144.2,1144.47 1 0
llmesh/router/internal/admin/state.go:1149.42,1151.2 1 5
llmesh/router/internal/admin/state.go:1153.37,1156.2 2 34
llmesh/router/internal/admin/state.go:1158.47,1159.38 1 0
llmesh/router/internal/admin/state.go:1159.38,1161.3 1 0
llmesh/router/internal/admin/state.go:1162.2,1163.72 2 0
llmesh/router/internal/admin/state.go:1168.58,1170.45 2 7
llmesh/router/internal/admin/state.go:1170.45,1172.3 1 5
llmesh/router/internal/admin/state.go:1173.2,1174.69 2 2
llmesh/router/internal/admin/state.go:1174.69,1176.3 1 0
llmesh/router/internal/admin/state.go:1177.2,1178.13 2 2
llmesh/router/internal/admin/state.go:1183.67,1184.42 1 5
llmesh/router/internal/admin/state.go:1184.42,1186.3 1 1
llmesh/router/internal/admin/state.go:1187.2,1188.16 2 4
llmesh/router/internal/admin/state.go:1188.16,1190.3 1 0
llmesh/router/internal/admin/state.go:1191.2,1191.119 1 4
llmesh/router/internal/admin/state.go:1191.119,1193.3 1 0
llmesh/router/internal/admin/state.go:1194.2,1194.19 1 4
llmesh/router/internal/admin/state.go:1204.63,1205.50 1 21
llmesh/router/internal/admin/state.go:1205.50,1207.3 1 10
llmesh/router/internal/admin/state.go:1208.2,1209.16 2 11
llmesh/router/internal/admin/state.go:1209.16,1211.3 1 0
llmesh/router/internal/admin/state.go:1212.2,1214.18 3 11
llmesh/router/internal/admin/state.go:1214.18,1217.66 3 20
llmesh/router/internal/admin/state.go:1217.66,1219.4 1 20
llmesh/router/internal/admin/state.go:1221.2,1222.12 2 11
llmesh/router/internal/admin/state.go:1228.48,1229.54 1 9
llmesh/router/internal/admin/state.go:1229.54,1231.3 1 4
llmesh/router/internal/admin/state.go:1232.2,1234.33 3 5
llmesh/router/internal/admin/state.go:1234.33,1236.24 2 4
llmesh/router/internal/admin/state.go:1236.24,1238.4 1 6
llmesh/router/internal/admin/state.go:1239.3,1239.22 1 4
llmesh/router/internal/admin/state.go:1241.2,1242.12 2 5
llmesh/router/internal/admin/state.go:1247.37,1250.2 2 17
llmesh/router/internal/admin/state.go:1254.53,1256.2 1 6
llmesh/router/internal/admin/state.go:1260.79,1261.32 1 14
llmesh/router/internal/admin/state.go:1261.32,1263.3 1 0
llmesh/router/internal/admin/state.go:1264.2,1264.18 1 14
llmesh/router/internal/admin/state.go:1264.18,1266.3 1 1
llmesh/router/internal/admin/state.go:1267.2,1268.16 2 13
llmesh/router/internal/admin/state.go:1268.16,1269.46 1 0
llmesh/router/internal/admin/state.go:1269.46,1271.4 1 0
llmesh/router/internal/admin/state.go:1272.3,1272.13 1 0
llmesh/router/internal/admin/state.go:1274.2,1275.12 2 13
llmesh/router/internal/admin/state.go:1283.71,1285.23 2 6
llmesh/router/internal/admin/state.go:1285.23,1287.3 1 1
llmesh/router/internal/admin/state.go:1288.2,1289.28 2 5
llmesh/router/internal/admin/state.go:1289.28,1290.23 1 9
llmesh/router/internal/admin/state.go:1290.23,1292.9 2 4
llmesh/router/internal/admin/state.go:1295.2,1295.15 1 5
llmesh/router/internal/admin/state.go:1295.15,1297.3 1 1
llmesh/router/internal/admin/state.go:1298.2,1299.38 2 4
llmesh/router/internal/admin/state.go:1299.38,1301.3 1 2
llmesh/router/internal/admin/state.go:1303.2,1304.28 2 2
llmesh/router/internal/admin/state.go:1304.28,1306.3 1 5
llmesh/router/internal/admin/state.go:1307.2,1310.16 3 2
llmesh/router/internal/admin/state.go:1310.16,1312.3 1 0
llmesh/router/internal/admin/state.go:1313.2,1314.26 2 2
llmesh/router/internal/admin/state.go:1314.26,1315.120 1 5
llmesh/router/internal/admin/state.go:1315.120,1317.4 1 0
llmesh/router/internal/admin/state.go:1319.2,1319.36 1 2
llmesh/router/internal/admin/state.go:1319.36,1321.3 1 0
llmesh/router/internal/admin/state.go:1322.2,1323.12 2 2
llmesh/router/internal/admin/state.go:1326.56,1328.16 2 1
llmesh/router/internal/admin/state.go:1328.16,1330.3 1 0
llmesh/router/internal/admin/state.go:1331.2,1331.40 1 1
llmesh/router/internal/admin/state.go:1331.40,1333.3 1 0
llmesh/router/internal/admin/state.go:1334.2,1335.12 2 1
llmesh/router/internal/admin/state.go:1338.54,1340.16 2 1
llmesh/router/internal/admin/state.go:1340.16,1342.3 1 0
llmesh/router/internal/admin/state.go:1343.2,1343.40 1 1
llmesh/router/internal/admin/state.go:1343.40,1345.3 1 0
llmesh/router/internal/admin/state.go:1346.2,1347.12 2 1
llmesh/router/internal/admin/state.go:1356.72,1356.103 1 0
llmesh/router/internal/admin/state.go:1357.72,1357.100 1 0
llmesh/router/internal/admin/state.go:1358.72,1358.99 1 0
llmesh/router/internal/admin/state.go:1359.72,1359.101 1 0
llmesh/router/internal/admin/state.go:1360.72,1360.97 1 0
llmesh/router/internal/admin/state.go:1365.57,1366.48 1 0
llmesh/router/internal/admin/state.go:1366.48,1368.3 1 0
llmesh/router/internal/admin/state.go:1369.2,1371.16 3 0
llmesh/router/internal/admin/state.go:1371.16,1373.3 1 0
llmesh/router/internal/admin/state.go:1374.2,1375.18 2 0
llmesh/router/internal/admin/state.go:1375.18,1377.49 2 0
llmesh/router/internal/admin/state.go:1377.49,1378.12 1 0
llmesh/router/internal/admin/state.go:1380.3,1380.39 1 0
llmesh/router/internal/admin/state.go:1380.39,1382.4 1 0
llmesh/router/internal/admin/state.go:1384.2,1385.10 2 0
llmesh/router/internal/admin/state.go:1390.63,1391.32 1 0
llmesh/router/internal/admin/state.go:1391.32,1393.3 1 0
llmesh/router/internal/admin/state.go:1394.2,1395.13 2 0
llmesh/router/internal/admin/state.go:1395.13,1397.3 1 0
llmesh/router/internal/admin/state.go:1398.2,1402.16 1 0
llmesh/router/internal/admin/state.go:1402.16,1404.3 1 0
llmesh/router/internal/admin/state.go:1405.2,1406.12 2 0
llmesh/router/internal/admin/state.go:1415.37,1419.2 3 6
llmesh/router/internal/admin/state.go:1423.50,1424.16 1 3
llmesh/router/internal/admin/state.go:1424.16,1427.3 2 1
llmesh/router/internal/admin/state.go:1428.2,1433.12 2 2
llmesh/router/internal/admin/usage.go:34.51,47.2 2 120
llmesh/router/internal/admin/usage.go:54.49,56.16 2 1
llmesh/router/internal/admin/usage.go:56.16,58.3 1 0
llmesh/router/internal/admin/usage.go:59.2,61.18 3 1
llmesh/router/internal/admin/usage.go:61.18,63.39 2 2
llmesh/router/internal/admin/usage.go:63.39,65.4 1 0
llmesh/router/internal/admin/usage.go:66.3,66.23 1 2
llmesh/router/internal/admin/usage.go:68.2,68.24 1 1
llmesh/router/internal/admin/usage.go:72.58,76.2 2 2
llmesh/router/internal/admin/usage.go:101.46,101.97 1 2
llmesh/router/internal/admin/usage.go:130.114,133.17 2 6
llmesh/router/internal/admin/usage.go:134.15,135.22 1 3
llmesh/router/internal/admin/usage.go:136.15,137.22 1 3
llmesh/router/internal/admin/usage.go:138.13,139.26 1 0
llmesh/router/internal/admin/usage.go:140.10,141.54 1 0
llmesh/router/internal/admin/usage.go:143.2,144.11 2 6
llmesh/router/internal/admin/usage.go:144.11,146.3 1 1
llmesh/router/internal/admin/usage.go:147.2,150.17 3 6
llmesh/router/internal/admin/usage.go:150.17,153.3 2 2
llmesh/router/internal/admin/usage.go:154.2,156.16 3 6
llmesh/router/internal/admin/usage.go:156.16,158.3 1 0
llmesh/router/internal/admin/usage.go:159.2,161.18 3 6
llmesh/router/internal/admin/usage.go:161.18,164.80 2 9
llmesh/router/internal/admin/usage.go:164.80,166.4 1 0
llmesh/router/internal/admin/usage.go:167.3,167.23 1 9
llmesh/router/internal/admin/usage.go:169.2,169.24 1 6
llmesh/router/internal/admin/usage.go:184.94,196.17 3 7
llmesh/router/internal/admin/usage.go:196.17,199.3 2 2
llmesh/router/internal/admin/usage.go:200.2,203.15 3 7
llmesh/router/internal/admin/usage.go:230.70,240.2 3 1
llmesh/router/internal/admin/usage.go:244.92,245.17 1 2
llmesh/router/internal/admin/usage.go:245.17,247.3 1 0
llmesh/router/internal/admin/usage.go:248.2,256.9 4 2
llmesh/router/internal/admin/usage.go:256.9,259.3 2 1
llmesh/router/internal/admin/usage.go:260.2,263.15 4 2
llmesh/router/internal/admin/usage.go:266.32,274.6 7 1
llmesh/router/internal/admin/usage.go:274.6,275.10 1 1
llmesh/router/internal/admin/usage.go:276.19,277.13 1 0
llmesh/router/internal/admin/usage.go:278.18,279.16 1 0
llmesh/router/internal/admin/usage.go:280.17,282.10 2 1
llmesh/router/internal/admin/usage.go:287.36,288.82 1 1
llmesh/router/internal/admin/usage.go:288.82,290.3 1 0
llmesh/router/internal/admin/usage.go:294.33,299.24 5 1
llmesh/router/internal/admin/usage.go:299.24,300.51 1 1
llmesh/router/internal/admin/usage.go:300.51,305.31 4 0
llmesh/router/internal/admin/usage.go:305.31,309.5 3 0
llmesh/router/internal/admin/usage.go:309.10,311.5 1 0
llmesh/router/internal/admin/usage.go:312.4,312.17 1 0
llmesh/router/internal/admin/usage.go:318.33,319.23 1 1
llmesh/router/internal/admin/usage.go:319.23,319.40 1 1
llmesh/router/internal/admin/usage.go:320.2,320.10 1 1
